class,method,pc,offset,length,key,text
A,public static void aD();,54,5,3,574924928,   
A,public static void aD();,138,3,2,574924928,  
A,public static void aD();,178,2,1,574924928, 
A,public static void aD();,218,2,1,574924928, 
A,public static void aD();,321,2,1,574924928, 
A,public static void aG();,35,33132,5,574924928,vChar
A,public static void aH();,36,2045,4,574924928,vMob
A,public static void aI();,417,46026,5,574924928,Lỗi: 
B,public static void aJ();,54,2,1,574924928, 
B,public static void aJ();,89,2,1,574924928, 
B,public static void aJ();,117,2,1,574924928, 
B,public static void aJ();,146,2,1,574924928, 
B,public static void aK();,35,1952,1,574924928,;
C,public static void aN();,166,2,1,574924928, 
C,public static void aN();,207,2,1,574924928, 
C,public static void aN();,413,3,2,574924928,  
C,public static void aN();,453,5,3,574924928,   
C,public static void h(java.lang.String);,32,46317,7,574924928,bảo trì
C,public static void h(java.lang.String);,63,46324,4,574924928,phút
C,public static java.lang.String b();,211,27690,1,574924928,0
C,public static java.lang.String b();,287,27690,1,574924928,0
C,public static java.lang.String b();,345,46328,9,574924928,Giờ off: 
C,public static java.lang.String b();,379,37193,1,574924928,h
C,public static java.lang.String b();,412,46337,11,574924928, - Giờ on: 
C,public static java.lang.String b();,446,37193,1,574924928,h
C,public static java.lang.String b();,479,46348,10,574924928, (On sau: 
C,public static java.lang.String b();,512,46358,2,574924928,s)
C,public static java.lang.String b();,601,46360,13,574924928,[Đang Login: 
C,public static java.lang.String b();,646,46373,12,574924928,s] (status: 
C,public static java.lang.String b();,681,1406,1,574924928,)
C,public static java.lang.String b();,720,46385,33,574924928,[Máy chủ chưa sẵn sàng] (status: 
C,public static java.lang.String b();,755,1406,1,574924928,)
C,public static java.lang.String b();,811,46418,11,574924928,[Đang chờ: 
C,public static java.lang.String b();,858,46429,2,574924928,s]
D,public static void b(nro.ct);,80,1953,21,574924928,Đã xóa quái ở vị trí 
D,public static void b(nro.ct);,114,48501,23,574924928, khỏi danh sách tàn sát
D,public static void b(nro.ct);,184,1999,22,574924928,Đã thêm quái ở vị trí 
D,public static void b(nro.ct);,217,48524,22,574924928, vào danh sách tàn sát
D,public static void aP();,31,48546,14,574924928,listSkillsAuto
D,public static void aP();,150,1952,1,574924928,;
D,public static void aQ();,123,48560,37,574924928,Chưa có skill trong danh sách Tàn Sát
D,public static void aQ();,1399,48597,6,574924928,myChar
D,public static void aQ();,1541,2045,4,574924928,vMob
D,public static void aR();,98,2,1,574924928, 
D,public static void aR();,136,2,1,574924928, 
D,public static void aR();,262,3,2,574924928,  
D,public static void aR();,302,5,3,574924928,   
D,public static void c(nro.ct);,72,857,7,574924928,Đã xóa 
D,public static void c(nro.ct);,109,48501,23,574924928, khỏi danh sách tàn sát
D,public static void c(nro.ct);,175,814,8,574924928,Đã thêm 
D,public static void c(nro.ct);,211,48524,22,574924928, vào danh sách tàn sát
D,public static void l(int);,55,33755,39,574924928,"Đang tải dữ liệu skill, vui lòng đợi..."
D,public static void l(int);,239,857,7,574924928,Đã xóa 
D,public static void l(int);,275,48603,26,574924928, khỏi danh sách auto skill
D,public static void l(int);,427,814,8,574924928,Đã thêm 
D,public static void l(int);,465,48629,32,574924928, vào danh sách auto skill (Slot 
D,public static void l(int);,511,1406,1,574924928,)
D,public static void l(int);,600,814,8,574924928,Đã thêm 
D,public static void l(int);,638,48629,32,574924928, vào danh sách auto skill (Slot 
D,public static void l(int);,676,1406,1,574924928,)
D,public static void l(int);,730,48661,36,574924928,Danh sách auto skill đã đầy 10 slot!
D,public static void aT();,149,1952,1,574924928,;
D,public static void aT();,196,48697,3,574924928,-1;
D,public static void aT();,236,48546,14,574924928,listSkillsAuto
D,"public static void a(java.lang.String, boolean);",33,1952,1,574924928,;
D,"public static void a(java.lang.String, boolean);",73,48700,20,574924928,Danh sách khu trống!
D,"public static void a(java.lang.String, boolean);",160,45678,2,574924928,-1
D,"public static void a(java.lang.String, boolean);",461,48720,18,574924928,Lỗi định dạng khu!
D,public static {};,116,48738,5,574924928,mobID
D,public static {};,138,48743,7,574924928,mobNAME
E,public void run();,311,49290,21,574924928,Hết capsule kì bí rồi
E,public void run();,404,49311,10,574924928,Lỗi Auto: 
E,public static void aV();,54,2,1,574924928, 
E,public static void aV();,89,5,3,574924928,   
E,public static void aV();,117,5,3,574924928,   
E,public static void aV();,166,3,2,574924928,  
E,public static void aV();,274,2,1,574924928, 
F,public static void aW();,99,2240,16,574924928,Chuyển sang khu 
F,public static void aW();,129,2256,10,574924928, để tránh 
F,public static void aX();,54,2,1,574924928, 
F,public static void aX();,212,2,1,574924928, 
G,public static void Z();,526,2267,9,574924928,TDLT đủ: 
G,public static void Z();,559,2276,5,574924928, phút
G,public static void Z();,703,2281,23,574924928,Bước 1: Tắt hiệu ứng...
G,public static void Z();,812,2304,27,574924928,Bước 2: Bật lại hiệu ứng...
G,public static void Z();,913,2331,32,574924928,Bước 3: Đang kiểm tra kết quả...
G,public static void aZ();,110,3,2,574924928,  
G,public static void aZ();,155,2,1,574924928, 
G,public static void aZ();,198,2,1,574924928, 
G,public static void aZ();,238,2,1,574924928, 
G,public static void aZ();,320,2,1,574924928, 
G,public static void aZ();,413,3,2,574924928,  
G,public static void aZ();,453,5,3,574924928,   
G,public void run();,381,2363,7,574924928,Đã mua 
G,public void run();,414,2370,6,574924928, TDLT!
GameMidlet,public static {};,13,30975,13,574924928,112.213.94.23
GameMidlet,public static void cl();,99,2,1,574924928, 
H,public static int i();,97,27939,7,574924928,Yardrat
H,public static void ba();,99,2,1,574924928, 
H,public static void ba();,180,2,1,574924928, 
H,public static void bb();,74,27946,12,574924928,Đã khóa ID: 
H,public static void bb();,132,27958,17,574924928,Hãy trỏ vào người
H,public static void m(int);,62,27939,7,574924928,Yardrat
H,public static void m(int);,155,27975,19,574924928,Đang mặc Yardrat...
H,public static void m(int);,249,27994,16,574924928,Không có Yardrat
H,public static void m(int);,319,28010,17,574924928,Teleport tới ID: 
I,public static void bc();,39,28113,18,574924928,storage/emulated/0
I,public static void bc();,79,28113,18,574924928,storage/emulated/0
I,public static void bc();,104,28131,6,574924928,sdcard
I,public static void bc();,130,28113,18,574924928,storage/emulated/0
I,public static void bc();,188,28131,6,574924928,sdcard
I,public static void bc();,220,28113,18,574924928,storage/emulated/0
I,public static void bc();,261,28137,8,574924928,file:///
I,public static void bc();,294,28145,7,574924928,file://
I,public static void bc();,333,28137,8,574924928,file:///
I,public static void bc();,397,28137,8,574924928,file:///
I,public static void bc();,427,28152,1,574924928,/
I,public static void bc();,498,28153,18,574924928,Path sau khi sua: 
I,public static void bc();,556,28171,23,574924928,>>> Nap anh THANH CONG!
I,public static void bc();,617,28194,9,574924928,>>> Loi: 
I,public static void bd();,54,2,1,574924928, 
I,public static void bd();,163,2,1,574924928, 
I,public static void bd();,203,3,2,574924928,  
I,public static void bd();,243,5,3,574924928,   
J,public void run();,46,28230,4,574924928,http
J,public void run();,90,28230,4,574924928,http
J,public static void bf();,114,5,3,574924928,   
J,public static void bf();,264,2,1,574924928, 
J,public static void bf();,304,2,1,574924928, 
J,public static void bf();,489,3,2,574924928,  
J,public static void bf();,621,3,2,574924928,  
J,public static void bf();,1102,2,1,574924928, 
J,"public boolean a(java.lang.String, boolean);",46,36,3,574924928,GET
J,"public boolean a(java.lang.String, boolean);",75,39,10,574924928,User-Agent
J,"public boolean a(java.lang.String, boolean);",99,28234,11,574924928,Mozilla/5.0
J,"public boolean a(java.lang.String, boolean);",127,160,10,574924928,Connection
J,"public boolean a(java.lang.String, boolean);",153,170,5,574924928,close
J,"public boolean a(java.lang.String, boolean);",212,328,5,574924928,UTF-8
J,public static void i(java.lang.String);,171,7082,2,574924928,OK
J,public static void i(java.lang.String);,291,7071,2,574924928,Có
J,public static void i(java.lang.String);,405,7073,5,574924928,Không
J,public static {};,13,28245,9,574924928,/icon.png
J,public static {};,587,28254,3,574924928,4.0
K,public static void bg();,98,2,1,574924928, 
K,public static void n(int);,62,28520,19,574924928,Đã hủy auto vào khu
K,public static void n(int);,139,28539,19,574924928,Đang auto vào khu: 
K,public static void Z();,75,28558,26,574924928,Hết thời gian auto vào khu
K,public static void Z();,173,28584,12,574924928,Đã vào khu: 
L,public static void bh();,54,2,1,574924928, 
L,public static void bh();,89,3,2,574924928,  
M,public static void bm();,54,2,1,574924928, 
M,public static void bm();,90,2,1,574924928, 
M,public static void bm();,222,2,1,574924928, 
N,public void bn();,62,28728,30,574924928,/mainImage/myTexture2dmenu.png
N,public void bn();,200,28758,17,574924928,/button/btn_C.png
N,public void bn();,333,28775,17,574924928,/button/btn_B.png
N,public void bn();,466,28792,17,574924928,/button/btn_Z.png
N,public void bn();,599,28809,17,574924928,/button/btn_J.png
N,public void bn();,732,28826,17,574924928,/button/btn_K.png
N,public void bn();,865,28843,17,574924928,/button/btn_L.png
N,public void bn();,998,28860,17,574924928,/button/btn_G.png
N,public void bn();,1129,28877,17,574924928,/button/btn_S.png
N,public void bn();,1262,28894,17,574924928,/button/btn_X.png
N,public void bo();,56,28911,14,574924928,Nhập ngọc rồng
N,public void bo();,103,28925,6,574924928,Thường
N,public void bo();,152,28931,10,574924928,< Quay lại
N,public void bo();,238,28941,7,574924928,TIÊU ĐỀ
N,public void bp();,45,28948,5,574924928,vMenu
N,public void bp();,79,28953,8,574924928,Hiển Thị
N,public void bp();,125,28961,7,574924928,Ẩn/Hiện
N,public void bp();,174,28968,12,574924928,"Xóa
Hiệu Ứng"
N,public void bp();,224,28980,14,574924928,"Cộng
Tiềm Năng"
N,public void bp();,280,28994,13,574924928,"Khoá
Mục Tiêu"
N,public void bp();,336,29007,17,574924928,"Huỷ Khoá
Mục Tiêu"
N,public void bp();,386,29024,9,574924928,Tùy Chỉnh
N,public void bp();,436,28931,10,574924928,< Quay lại
N,public void bp();,528,29033,8,574924928,TIỆN ÍCH
N,public void bq();,45,28948,5,574924928,vMenu
N,public void bq();,86,29041,10,574924928,Cuồng Nộ: 
N,public void bq();,119,991,3,574924928,Bật
N,public void bq();,150,994,3,574924928,Tắt
N,public void bq();,213,29051,10,574924928,Bổ Huyết: 
N,public void bq();,248,991,3,574924928,Bật
N,public void bq();,280,994,3,574924928,Tắt
N,public void bq();,343,29061,8,574924928,Bổ Khí: 
N,public void bq();,378,991,3,574924928,Bật
N,public void bq();,410,994,3,574924928,Tắt
N,public void bq();,473,29069,10,574924928,Giáp Xên: 
N,public void bq();,508,991,3,574924928,Bật
N,public void bq();,540,994,3,574924928,Tắt
N,public void bq();,603,29079,9,574924928,Ẩn Danh: 
N,public void bq();,638,991,3,574924928,Bật
N,public void bq();,670,994,3,574924928,Tắt
N,public void bq();,733,29088,12,574924928,Khẩu Trang: 
N,public void bq();,768,991,3,574924928,Bật
N,public void bq();,799,994,3,574924928,Tắt
N,public void bq();,862,29100,8,574924928,Máy Dò: 
N,public void bq();,897,991,3,574924928,Bật
N,public void bq();,928,994,3,574924928,Tắt
N,public void bq();,991,29108,11,574924928,List Item: 
N,public void bq();,1053,28931,10,574924928,< Quay lại
N,public void bq();,1145,29119,9,574924928,AUTO ITEM
N,"public void a(int, java.lang.Object);",957,29128,16,574924928,Không có Capsule
N,"public void a(int, java.lang.Object);",1163,29144,17,574924928,Không có Bông tai
N,"public void a(int, java.lang.Object);",1236,29161,4,574924928,xmap
N,"public void a(int, java.lang.Object);",1275,29165,2,574924928,ts
N,"public void a(int, java.lang.Object);",1334,29167,5,574924928,view1
N,"public void a(int, java.lang.Object);",1377,29172,5,574924928,view2
N,"public void a(int, java.lang.Object);",1420,29177,5,574924928,view3
N,"public void a(int, java.lang.Object);",1463,29182,5,574924928,view4
N,"public void a(int, java.lang.Object);",1516,29187,7,574924928,annguoi
N,"public void a(int, java.lang.Object);",1559,29194,6,574924928,anquai
N,"public void a(int, java.lang.Object);",1602,29200,6,574924928,anitem
N,"public void a(int, java.lang.Object);",1652,29206,8,574924928,SuperEff
N,"public void a(int, java.lang.Object);",1758,29214,15,574924928,Xóa hào quang: 
N,"public void a(int, java.lang.Object);",1793,991,3,574924928,Bật
N,"public void a(int, java.lang.Object);",1825,994,3,574924928,Tắt
N,"public void a(int, java.lang.Object);",1879,29229,8,574924928,BombQCKK
N,"public void a(int, java.lang.Object);",1987,29237,26,574924928,Xóa hiệu ứng bom và qckk: 
N,"public void a(int, java.lang.Object);",2022,991,3,574924928,Bật
N,"public void a(int, java.lang.Object);",2054,994,3,574924928,Tắt
N,"public void a(int, java.lang.Object);",2110,29263,6,574924928,Fusion
N,"public void a(int, java.lang.Object);",2218,29269,22,574924928,Xóa hiệu ứng hợp thể: 
N,"public void a(int, java.lang.Object);",2253,991,3,574924928,Bật
N,"public void a(int, java.lang.Object);",2285,994,3,574924928,Tắt
N,"public void a(int, java.lang.Object);",2354,28948,5,574924928,vMenu
N,"public void a(int, java.lang.Object);",2388,28931,10,574924928,< Quay lại
N,"public void a(int, java.lang.Object);",2438,9705,2,574924928,HP
N,"public void a(int, java.lang.Object);",2505,9707,2,574924928,KI
N,"public void a(int, java.lang.Object);",2572,29291,8,574924928,Sức Đánh
N,"public void a(int, java.lang.Object);",2639,9717,4,574924928,Giáp
N,"public void a(int, java.lang.Object);",2746,29299,14,574924928,CỘNG TIỀM NĂNG
N,"public void a(int, java.lang.Object);",2941,29313,17,574924928,Đã khoá mục tiêu 
N,"public void a(int, java.lang.Object);",3009,29330,20,574924928,Đã huỷ khoá mục tiêu
N,"public void a(int, java.lang.Object);",3082,29350,6,574924928,alogin
N,"public void a(int, java.lang.Object);",3124,29356,2,574924928,sz
N,"public void a(int, java.lang.Object);",3177,29358,3,574924928,acn
N,"public void a(int, java.lang.Object);",3220,29361,3,574924928,abh
N,"public void a(int, java.lang.Object);",3263,29364,3,574924928,abk
N,"public void a(int, java.lang.Object);",3306,29367,3,574924928,agx
N,"public void a(int, java.lang.Object);",3349,29370,3,574924928,aad
N,"public void a(int, java.lang.Object);",3392,29373,3,574924928,akt
N,"public void a(int, java.lang.Object);",3433,29376,3,574924928,amd
N,"public void a(int, java.lang.Object);",3476,29379,31,574924928,itemId-effectId;itemId-effectId
N,"public void a(int, java.lang.Object);",3525,29410,5,574924928,anhat
N,"public void a(int, java.lang.Object);",3568,29415,5,574924928,locdo
N,"public void a(int, java.lang.Object);",3661,29420,23,574924928,Đánh quái gần nhất: Bật
N,"public void a(int, java.lang.Object);",3727,29443,16,574924928,Đánh sư phụ: Bật
N,"public void a(int, java.lang.Object);",3776,29459,15,574924928,Đánh đệ tử: Bật
N,"public void a(int, java.lang.Object);",3857,29474,20,574924928,Đánh khi đệ kêu: Tắt
N,"public void a(int, java.lang.Object);",3910,29494,5,574924928,cflag
N,"public void a(int, java.lang.Object);",3959,29499,17,574924928,Giới hạn sức mạnh
N,"public void a(int, java.lang.Object);",4003,1573,3,574924928,out
N,"public void a(int, java.lang.Object);",4042,29516,3,574924928,kok
N,"public void a(int, java.lang.Object);",4085,29519,2,574924928,nb
N,"public void a(int, java.lang.Object);",4127,29521,3,574924928,kvt
N,"public void a(int, java.lang.Object);",4190,29524,6,574924928,xindau
N,"public void a(int, java.lang.Object);",4233,29530,6,574924928,chodau
N,"public void a(int, java.lang.Object);",4276,29536,6,574924928,thudau
N,"public void a(int, java.lang.Object);",4319,29542,2,574924928,gb
N,"public void a(int, java.lang.Object);",4478,29544,4,574924928,TDHS
N,"public void a(int, java.lang.Object);",4586,29548,19,574924928,Xóa hiệu ứng TDHS: 
N,"public void a(int, java.lang.Object);",4621,991,3,574924928,Bật
N,"public void a(int, java.lang.Object);",4653,994,3,574924928,Tắt
N,"public void a(int, java.lang.Object);",4722,29567,15,574924928,Nhập mã màu rgb
N,"public void a(int, java.lang.Object);",4771,29582,23,574924928,Nhập tốc chạy (0 - 100)
N,"public void a(int, java.lang.Object);",4818,29605,23,574924928,Nhập tốc game (0 - 100)
N,"public void a(int, java.lang.Object);",4867,29628,15,574924928,Nhập delay xmap
N,"public void a(int, java.lang.Object);",4916,29643,16,574924928,Nhập delay login
N,"public void a(int, java.lang.Object);",5000,29659,5,574924928,view5
N,"public void a(int, java.lang.Object);",5055,29664,5,574924928,view6
N,"public void a(int, java.lang.Object);",5110,29669,12,574924928,Nhập KC nhặt
N,"public void a(int, java.lang.Object);",5159,29681,15,574924928,Nhập KC tàn sát
N,"public void a(int, java.lang.Object);",5235,29696,1,574924928,g
N,"public void a(int, java.lang.Object);",5285,29161,4,574924928,xmap
N,"public void a(int, java.lang.Object);",5326,29697,12,574924928,Đã dừng Xmap
N,public void br();,45,28948,5,574924928,vMenu
N,public void br();,86,29709,16,574924928,Thông Báo Boss: 
N,public void br();,119,991,3,574924928,Bật
N,public void br();,150,994,3,574924928,Tắt
N,public void br();,213,29725,17,574924928,Người Trong Map: 
N,public void br();,248,991,3,574924928,Bật
N,public void br();,280,994,3,574924928,Tắt
N,public void br();,343,29742,18,574924928,Thông Tin Sư Phụ: 
N,public void br();,378,991,3,574924928,Bật
N,public void br();,410,994,3,574924928,Tắt
N,public void br();,473,29760,17,574924928,Thông Tin Đệ Tử: 
N,public void br();,508,991,3,574924928,Bật
N,public void br();,540,994,3,574924928,Tắt
N,public void br();,603,29777,14,574924928,Thông Tin Up: 
N,public void br();,638,991,3,574924928,Bật
N,public void br();,670,994,3,574924928,Tắt
N,public void br();,733,29791,17,574924928,Check Thông Tin: 
N,public void br();,768,991,3,574924928,Bật
N,public void br();,799,994,3,574924928,Tắt
N,public void br();,855,28931,10,574924928,< Quay lại
N,public void br();,947,29808,8,574924928,HIỂN THỊ
N,public void bs();,45,28948,5,574924928,vMenu
N,public void bs();,86,29816,10,574924928,Ẩn Người: 
N,public void bs();,119,991,3,574924928,Bật
N,public void bs();,150,994,3,574924928,Tắt
N,public void bs();,213,29826,9,574924928,Ẩn Quái: 
N,public void bs();,248,991,3,574924928,Bật
N,public void bs();,280,994,3,574924928,Tắt
N,public void bs();,343,29835,9,574924928,Ẩn Item: 
N,public void bs();,378,991,3,574924928,Bật
N,public void bs();,410,994,3,574924928,Tắt
N,public void bs();,466,28931,10,574924928,< Quay lại
N,public void bs();,558,29844,7,574924928,ẨN/HIỆN
N,public void bt();,45,28948,5,574924928,vMenu
N,public void bt();,130,29851,7,574924928,Capsule
N,public void bt();,234,29858,8,574924928,Bông tai
N,public void bt();,284,29866,10,574924928,Chuyển khu
N,public void bt();,334,29876,9,574924928,Di chuyển
N,public void bt();,391,29885,9,574924928,Tàn Sát: 
N,public void bt();,426,991,3,574924928,Bật
N,public void bt();,458,994,3,574924928,Tắt
N,public void bt();,514,29894,8,574924928,Tiện ích
N,public void bt();,564,29902,9,574924928,Chức năng
N,public void bt();,614,29911,7,574924928,Cài đặt
N,public void bt();,664,29918,9,574924928,Hướng dẫn
N,public void bt();,756,29927,14,574924928,MENU HÙNG HERO
N,public void bu();,45,28948,5,574924928,vMenu
N,public void bu();,79,29941,10,574924928,Auto Login
N,public void bu();,125,29951,9,574924928,Auto Item
N,public void bu();,181,29960,11,574924928,Auto Nhặt: 
N,public void bu();,216,991,3,574924928,Bật
N,public void bu();,248,994,3,574924928,Tắt
N,public void bu();,304,29971,8,574924928,Auto Đậu
N,public void bu();,361,29979,8,574924928,Goback: 
N,public void bu();,396,991,3,574924928,Bật
N,public void bu();,428,994,3,574924928,Tắt
N,public void bu();,491,29987,8,574924928,Lọc Đồ: 
N,public void bu();,526,991,3,574924928,Bật
N,public void bu();,558,994,3,574924928,Tắt
N,public void bu();,614,29995,15,574924928,Chức Năng Đệ Tử
N,public void bu();,664,28931,10,574924928,< Quay lại
N,public void bu();,756,30010,9,574924928,CHỨC NĂNG
N,public void bv();,45,28948,5,574924928,vMenu
N,public void bv();,86,30019,11,574924928,Hào Quang: 
N,public void bv();,119,991,3,574924928,Bật
N,public void bv();,150,994,3,574924928,Tắt
N,public void bv();,213,30030,12,574924928,Bom & QCKK: 
N,public void bv();,248,991,3,574924928,Bật
N,public void bv();,280,994,3,574924928,Tắt
N,public void bv();,343,30042,9,574924928,Hợp Thể: 
N,public void bv();,378,991,3,574924928,Bật
N,public void bv();,410,994,3,574924928,Tắt
N,public void bv();,473,30051,19,574924928,Thái Dương Hạ San: 
N,public void bv();,508,991,3,574924928,Bật
N,public void bv();,540,994,3,574924928,Tắt
N,public void bv();,596,28931,10,574924928,< Quay lại
N,public void bv();,688,30070,8,574924928,HIỆU ỨNG
N,public void bw();,45,28948,5,574924928,vMenu
N,public void bw();,74,30078,10,574924928,ReadMe.txt
N,public void bw();,124,30088,1,574924928,"
"
N,public void bw();,344,30089,9,574924928,HƯỚNG DẪN
N,public void bx();,45,30098,10,574924928,vCharInMap
N,public void bx();,168,1941,9,574924928,Trọng tài
N,public void bx();,218,2266,1,574924928,.
N,public void bx();,293,28931,10,574924928,< Quay lại
N,public void bx();,381,30108,8,574924928,MỤC TIÊU
N,public void by();,45,28948,5,574924928,vMenu
N,public void by();,86,30116,9,574924928,Xin Đậu: 
N,public void by();,119,991,3,574924928,Bật
N,public void by();,150,994,3,574924928,Tắt
N,public void by();,213,30125,9,574924928,Cho Đậu: 
N,public void by();,248,991,3,574924928,Bật
N,public void by();,280,994,3,574924928,Tắt
N,public void by();,343,30134,9,574924928,Thu Đậu: 
N,public void by();,378,991,3,574924928,Bật
N,public void by();,410,994,3,574924928,Tắt
N,public void by();,466,28931,10,574924928,< Quay lại
N,public void by();,558,30143,8,574924928,AUTO ĐẬU
N,public void bz();,45,28948,5,574924928,vMenu
N,public void bz();,85,30151,20,574924928,Đánh Khi Đệ Kêu: Tắt
N,public void bz();,141,30171,13,574924928,Quái gần nhất
N,public void bz();,190,30184,11,574924928,Đánh sư phụ
N,public void bz();,240,30195,10,574924928,Đánh đệ tử
N,public void bz();,279,30205,17,574924928,Đánh Khi Đệ Kêu: 
N,public void bz();,346,30222,18,574924928,Treo Cờ Chống PK: 
N,public void bz();,381,991,3,574924928,Bật
N,public void bz();,413,994,3,574924928,Tắt
N,public void bz();,476,30240,17,574924928,Thoát Khi Đủ SM: 
N,public void bz();,511,991,3,574924928,Bật
N,public void bz();,543,994,3,574924928,Tắt
N,public void bz();,606,30257,14,574924928,Auto Kaioken: 
N,public void bz();,641,991,3,574924928,Bật
N,public void bz();,673,994,3,574924928,Tắt
N,public void bz();,736,30271,9,574924928,Né Boss: 
N,public void bz();,771,991,3,574924928,Bật
N,public void bz();,801,994,3,574924928,Tắt
N,public void bz();,864,30280,13,574924928,Khoá Vị Trí: 
N,public void bz();,899,991,3,574924928,Bật
N,public void bz();,931,994,3,574924928,Tắt
N,public void bz();,985,28931,10,574924928,< Quay lại
N,public void bz();,1077,30293,15,574924928,CHỨC NĂNG ĐỆ TỬ
N,public void bA();,45,28948,5,574924928,vMenu
N,public void bA();,79,30308,9,574924928,Auto Chat
N,public void bA();,125,30317,8,574924928,Buff Đậu
N,public void bA();,174,30325,9,574924928,Đánh quái
N,public void bA();,224,30334,7,574924928,Nhặt Đồ
N,public void bA();,274,30341,6,574924928,Porata
N,public void bA();,324,30347,20,574924928,Đánh Chuyển Mục Tiêu
N,public void bA();,374,30367,12,574924928,Auto Kaioken
N,public void bA();,424,30379,10,574924928,Auto Skill
N,public void bA();,474,30389,6,574924928,Lọc Đồ
N,public void bA();,524,30395,8,574924928,Săn Boss
N,public void bA();,574,30403,16,574924928,Điều Khiển Từ Xa
N,public void bA();,624,30419,11,574924928,Auto On-Off
N,public void bA();,674,30430,4,574924928,Xmap
N,public void bA();,724,30434,7,574924928,Ảnh Nền
N,public void bA();,773,30441,17,574924928,Tự Động Luyện Tập
N,public void bA();,823,28931,10,574924928,< Quay lại
N,public void bA();,915,30458,7,574924928,CÀI ĐẶT
N,public void g(nro.bF);,160,30465,9,574924928,Dừng Xmap
N,public void bB();,45,28948,5,574924928,vMenu
N,public void bB();,79,30474,18,574924928,"Đánh Quái
Gần Nhất"
N,public void bB();,143,30492,11,574924928,Đánh Sư Phụ
N,public void bB();,207,30503,10,574924928,Đánh Đệ Tử
N,public void bB();,274,28931,10,574924928,< Quay lại
N,public void bB();,366,30513,15,574924928,ĐÁNH KHI ĐỆ KÊU
N,public void bC();,103,30528,9,574924928,Dừng xmap
N,public static void bD();,269,3,2,574924928,  
N,public static void bD();,349,5,3,574924928,   
N,public static void bD();,872,2,1,574924928, 
N,public static void bD();,1586,2,1,574924928, 
N,public void bE();,45,28948,5,574924928,vMenu
N,public void bE();,86,30537,12,574924928,Tự Kết Nối: 
N,public void bE();,119,991,3,574924928,Bật
N,public void bE();,150,994,3,574924928,Tắt
N,public void bE();,213,30549,13,574924928,Vào Lại Khu: 
N,public void bE();,248,991,3,574924928,Bật
N,public void bE();,280,994,3,574924928,Tắt
N,public void bE();,336,28931,10,574924928,< Quay lại
N,public void bE();,428,30562,10,574924928,AUTO LOGIN
N,public void bF();,45,28948,5,574924928,vMenu
N,public void bF();,86,30572,9,574924928,Màu Nền: 
N,public void bF();,151,30581,10,574924928,Tốc Chạy: 
N,public void bF();,219,30591,10,574924928,Tốc Game: 
N,public void bF();,292,30601,12,574924928,Delay Xmap: 
N,public void bF();,327,1431,2,574924928,ms
N,public void bF();,390,30613,13,574924928,Delay Login: 
N,public void bF();,425,1431,2,574924928,ms
N,public void bF();,488,30626,9,574924928,KC Nhặt: 
N,public void bF();,557,30635,12,574924928,KC Tàn Sát: 
N,public void bF();,619,28931,10,574924928,< Quay lại
N,public void bF();,711,30647,9,574924928,TÙY CHỈNH
O,public static void bG();,112,5,3,574924928,   
O,public static {};,13,30729,10,574924928,RemoveChar
O,public static {};,32,30739,9,574924928,RemoveMob
O,public static {};,51,30748,10,574924928,RemoveItem
O,public static {};,70,29206,8,574924928,SuperEff
O,public static {};,89,29229,8,574924928,BombQCKK
O,public static {};,108,29263,6,574924928,Fusion
O,public static {};,126,29544,4,574924928,TDHS
P,public static void b(nro.bv);,141,814,8,574924928,Đã thêm 
P,public static void b(nro.bv);,175,822,35,574924928, vào danh sách đánh chuyển mục tiêu
P,public static void b(nro.bv);,261,857,7,574924928,Đã xóa 
P,public static void b(nro.bv);,297,864,36,574924928, khỏi danh sách đánh chuyển mục tiêu
P,public static void bK();,143,900,32,574924928,Danh sách chuyển mục tiêu trống!
P,public static void bL();,54,5,3,574924928,   
P,public static void bL();,137,2,1,574924928, 
P,public static void bL();,166,2,1,574924928, 
P,public static void bL();,215,2,1,574924928, 
P,public static void bL();,255,2,1,574924928, 
Q,public static void bM();,98,2,1,574924928, 
Q,public static void bM();,136,2,1,574924928, 
Q,public static void bN();,254,30988,19,574924928,Không vào được khu 
Q,public static void bN();,289,31007,8,574924928,", bỏ qua"
Q,public static void bN();,471,31015,11,574924928,Đang ở khu 
Q,public static void bN();,506,31026,6,574924928,", đợi "
Q,public static void bN();,560,31032,5,574924928,s nữa
Q,public static void bN();,801,31037,17,574924928,Chuyển sang khu: 
Q,public static void bN();,932,31054,14,574924928,Đã thấy boss: 
R,"public static void a(short, int);",46,1952,1,574924928,;
R,"public static void a(short, int);",145,1576,1,574924928,-
R,"public static void a(short, int);",197,1576,1,574924928,-
R,"public static void a(short, int);",229,1952,1,574924928,;
R,"public static void a(short, int);",297,1952,1,574924928,;
R,"public static void a(short, int);",359,1576,1,574924928,-
R,"public static void a(short, int);",392,1952,1,574924928,;
R,"public static void a(short, int);",429,1629,10,574924928,ItemConfig
R,public static void bQ();,77,1952,1,574924928,;
R,public static void bQ();,125,1576,1,574924928,-
R,public static void bS();,142,2,1,574924928, 
R,public static void bS();,185,2,1,574924928, 
R,public static void bS();,225,2,1,574924928, 
R,public static void bS();,1212,3,2,574924928,  
S,"public static java.lang.String a(java.lang.String, java.lang.String);",47,328,5,574924928,UTF-8
S,"public static java.lang.String a(java.lang.String, java.lang.String);",77,328,5,574924928,UTF-8
S,"public static java.lang.String b(java.lang.String, java.lang.String);",60,328,5,574924928,UTF-8
S,"public static java.lang.String b(java.lang.String, java.lang.String);",114,328,5,574924928,UTF-8
S,public static void bT();,123,2,1,574924928, 
S,public static void bT();,189,3,2,574924928,  
S,public static void bT();,271,5,3,574924928,   
S,public static void bT();,1805,2,1,574924928, 
S,public static void bT();,2898,2,1,574924928, 
T,public static void bU();,54,2,1,574924928, 
T,public static void bU();,89,2,1,574924928, 
T,public static void bU();,222,2,1,574924928, 
U,public static void bX();,54,2,1,574924928, 
U,public static void bX();,150,2,1,574924928, 
V,public static void ca();,32,32751,10,574924928,listDonate
V,public static void ca();,73,1952,1,574924928,;
V,public static void cb();,152,32761,5,574924928,rương
V,public static void cc();,81,1952,1,574924928,;
V,public static void cc();,120,32751,10,574924928,listDonate
V,public static void cd();,54,2,1,574924928, 
V,public static void cd();,89,2,1,574924928, 
V,public static void cd();,190,2,1,574924928, 
W,public static void cf();,54,2,1,574924928, 
W,public static void cf();,180,2,1,574924928, 
X,public static void ch();,98,2,1,574924928, 
X,public static void ch();,136,2,1,574924928, 
Y,public static boolean k();,89,32916,2,574924928,đệ
Y,public static void cj();,54,2,1,574924928, 
Y,public static void cj();,181,2,1,574924928, 
Y,public static void cj();,224,2,1,574924928, 
Z,public static javax.microedition.lcdui.Image a(java.lang.String);,41,0,2,574924928,/x
Z,public static void cm();,99,2,1,574924928, 
Z,public static void cm();,232,3,2,574924928,  
Z,public static void cm();,298,5,3,574924928,   
a,public static void a();,71,8,7,574924928,/users/
a,public static void a();,105,15,7,574924928,/chars/
a,public static void a();,138,22,14,574924928,/chat_cmd.json
a,public static void a();,179,36,3,574924928,GET
a,public static void a();,211,39,10,574924928,User-Agent
a,public static void a();,237,49,111,574924928,"Mozilla/5.0 (Windows NT 10.0; Win64; x64) AppleWebKit/537.36 (KHTML, like Gecko) Chrome/120.0.0.0 Safari/537.36"
a,public static void a();,269,160,10,574924928,Connection
a,public static void a();,295,170,5,574924928,close
a,public static void a();,417,175,4,574924928,null
a,public static void a();,451,179,8,574924928,"""text"":"""
a,public static void a();,494,187,1,574924928,""""
a,public static void b();,54,2,1,574924928, 
a,public static void b();,224,2,1,574924928, 
a,public static void b();,456,2,1,574924928, 
a,public static void c();,71,8,7,574924928,/users/
a,public static void c();,105,15,7,574924928,/chars/
a,public static void c();,139,188,5,574924928,.json
a,public static void c();,178,193,4,574924928,POST
a,public static void c();,210,39,10,574924928,User-Agent
a,public static void c();,236,49,111,574924928,"Mozilla/5.0 (Windows NT 10.0; Win64; x64) AppleWebKit/537.36 (KHTML, like Gecko) Chrome/120.0.0.0 Safari/537.36"
a,public static void c();,268,160,10,574924928,Connection
a,public static void c();,294,170,5,574924928,close
a,public static void c();,326,197,12,574924928,Content-Type
a,public static void c();,352,209,16,574924928,application/json
a,public static void c();,384,225,22,574924928,X-HTTP-Method-Override
a,public static void c();,409,247,5,574924928,PATCH
a,public static void c();,447,252,6,574924928,"{""sm"":"
a,public static void c();,482,258,6,574924928,",""tn"":"
a,public static void c();,518,264,6,574924928,",""hp"":"
a,public static void c();,554,270,6,574924928,",""mp"":"
a,public static void c();,589,276,6,574924928,",""sd"":"
a,public static void c();,625,282,8,574924928,",""map"":"""
a,public static void c();,668,290,14,574924928,Khong xac dinh
a,public static void c();,696,304,8,574924928,""",""khu"":"
a,public static void c();,731,312,15,574924928,",""last_update"":"
a,public static void c();,770,327,1,574924928,}
a,public static void c();,814,328,5,574924928,UTF-8
a,public static void a(java.lang.String);,42,193,4,574924928,POST
a,public static void a(java.lang.String);,73,225,22,574924928,X-HTTP-Method-Override
a,public static void a(java.lang.String);,97,333,6,574924928,DELETE
aB,public static {};,26,35852,8,574924928,/img/map
aB,public static {};,48,27526,4,574924928,.png
aB,public static {};,73,35860,32,574924928,/mainImage/myTexture2dbantay.png
aB,public static {};,92,35892,29,574924928,/mainImage/myTexture2dbtX.png
aB,public static {};,109,35921,34,574924928,/mainImage/myTexture2dimgMoney.png
aB,public static {};,128,35955,36,574924928,/mainImage/myTexture2dimgDiamond.png
aB,public static {};,147,35991,24,574924928,/mainImage/luongkhoa.png
aB,public static {};,166,36015,28,574924928,/mainImage/myTexture2dup.png
aB,public static {};,185,36043,30,574924928,/mainImage/myTexture2ddown.png
aB,public static {};,204,36073,19,574924928,/mainImage/star.png
aB,public static {};,223,36092,20,574924928,/mainImage/starE.png
aB,public static {};,242,36112,20,574924928,/mainImage/star8.png
aB,public static {};,261,36132,20,574924928,/mainImage/star9.png
aB,public static {};,278,36152,21,574924928,/mainImage/starCH.png
aB,public static {};,297,36173,18,574924928,/mainImage/new.png
aB,public static {};,316,36191,23,574924928,/mainImage/ticket12.png
aB,public void o(nro.bF);,459,2,1,574924928, 
aB,public void o(nro.bF);,495,17903,2,574924928,: 
aB,public void o(nro.bF);,619,2,1,574924928, 
aB,public void o(nro.bF);,655,17903,2,574924928,: 
aB,public void o(nro.bF);,691,2,1,574924928, 
aB,public void o(nro.bF);,872,2,1,574924928, 
aB,public void o(nro.bF);,908,17903,2,574924928,: 
aB,public void o(nro.bF);,1032,2,1,574924928, 
aB,public void o(nro.bF);,1067,17903,2,574924928,: 
aB,public void o(nro.bF);,1103,2,1,574924928, 
aB,public void o(nro.bF);,1282,2,1,574924928, 
aB,public void o(nro.bF);,1318,17903,2,574924928,: 
aB,public void o(nro.bF);,1442,2,1,574924928, 
aB,public void o(nro.bF);,1478,17903,2,574924928,: 
aB,public void o(nro.bF);,1514,2,1,574924928, 
aB,public void o(nro.bF);,1695,2,1,574924928, 
aB,public void o(nro.bF);,1731,17903,2,574924928,: 
aB,public void o(nro.bF);,1865,2,1,574924928, 
aB,public void o(nro.bF);,1901,17903,2,574924928,: 
aB,public void o(nro.bF);,1937,2,1,574924928, 
aB,public void o(nro.bF);,2114,2,1,574924928, 
aB,public void o(nro.bF);,2149,17903,2,574924928,: 
aB,public void o(nro.bF);,2188,17955,1,574924928,%
aB,public void o(nro.bF);,2342,2,1,574924928, 
aB,public void o(nro.bF);,2378,17903,2,574924928,: 
aB,public void o(nro.bF);,2412,2,1,574924928, 
aB,public void o(nro.bF);,2926,17903,2,574924928,: 
aB,public void o(nro.bF);,3104,17903,2,574924928,: 
aB,public void o(nro.bF);,3224,36214,1,574924928,(
aB,public void o(nro.bF);,3286,36215,3,574924928,MAX
aB,public void o(nro.bF);,3368,17955,1,574924928,%
aB,public void o(nro.bF);,3436,2266,1,574924928,.
aB,public void o(nro.bF);,3498,17955,1,574924928,%
aB,public void o(nro.bF);,3543,1406,1,574924928,)
aB,public void o(nro.bF);,3745,2,1,574924928, 
aB,public void o(nro.bF);,3795,2,1,574924928, 
aB,public void o(nro.bF);,3829,2,1,574924928, 
aB,public void o(nro.bF);,3879,2,1,574924928, 
aB,public void o(nro.bF);,3998,2,1,574924928, 
aB,public void o(nro.bF);,4039,2,1,574924928, 
aB,public void o(nro.bF);,4159,2,1,574924928, 
aB,public void o(nro.bF);,4199,2,1,574924928, 
aB,public final void p(nro.bF);,1902,36218,4,574924928,Top 
aB,public final void p(nro.bF);,2265,17903,2,574924928,: 
aB,public final void p(nro.bF);,2766,17903,2,574924928,: 
aB,public final void p(nro.bF);,2861,17903,2,574924928,: 
aB,public final void p(nro.bF);,2955,17903,2,574924928,: 
aB,public final void p(nro.bF);,3233,17903,2,574924928,: 
aB,public final void p(nro.bF);,3270,28152,1,574924928,/
aB,public final void p(nro.bF);,3366,17903,2,574924928,: 
aB,public final void p(nro.bF);,4021,2,1,574924928, 
aB,public final void p(nro.bF);,4075,28152,1,574924928,/
aB,public final void p(nro.bF);,4226,2,1,574924928, 
aB,public final void p(nro.bF);,4627,2,1,574924928, 
aB,public final void p(nro.bF);,4679,28152,1,574924928,/
aB,public final void p(nro.bF);,4855,17903,2,574924928,: 
aB,public final void p(nro.bF);,4892,28152,1,574924928,/
aB,public final void p(nro.bF);,4932,2,1,574924928, 
aB,public final void p(nro.bF);,5221,2,1,574924928, 
aB,public final void p(nro.bF);,7060,17903,2,574924928,: 
aB,public final void p(nro.bF);,7260,36222,2,574924928, :
aB,public final void p(nro.bF);,7677,36224,4,574924928,HP: 
aB,public final void p(nro.bF);,7716,28152,1,574924928,/
aB,public final void p(nro.bF);,7812,36228,4,574924928,MP: 
aB,public final void p(nro.bF);,7851,28152,1,574924928,/
aB,public final void p(nro.bF);,7954,17903,2,574924928,: 
aB,public final void p(nro.bF);,7992,33869,2,574924928,", "
aB,public final void p(nro.bF);,8028,17903,2,574924928,: 
aB,public final void p(nro.bF);,8131,17903,2,574924928,: 
aB,public void q(nro.bF);,50,17903,2,574924928,: 
aB,public void q(nro.bF);,87,36232,3,574924928, / 
aB,public void q(nro.bF);,185,17903,2,574924928,: 
aB,public void q(nro.bF);,223,36232,3,574924928, / 
aB,public void q(nro.bF);,326,17903,2,574924928,: 
aB,public void q(nro.bF);,364,33869,2,574924928,", "
aB,public void q(nro.bF);,400,17903,2,574924928,: 
aB,public void q(nro.bF);,439,17955,1,574924928,%
aB,public void q(nro.bF);,533,17903,2,574924928,: 
aB,public void q(nro.bF);,571,36235,3,574924928,"%, "
aB,public void q(nro.bF);,607,17903,2,574924928,: 
aB,public void q(nro.bF);,646,17955,1,574924928,%
aB,public void r(nro.bF);,155,36238,14,574924928,Dragonboy250 v
aB,public void r(nro.bF);,234,36252,18,574924928,Tác giả: Hùng Hero
aB,public void r(nro.bF);,303,36270,16,574924928,Phiên bản: 2.5.0
aB,public void r(nro.bF);,379,36286,8,574924928,Online: 
aB,public void t(nro.bF);,1052,785,1,574924928,|
aB,public void t(nro.bF);,1162,785,1,574924928,|
aB,public static java.lang.String d();,99,27690,1,574924928,0
aB,public static java.lang.String d();,164,19306,1,574924928,:
aB,public static java.lang.String d();,208,27690,1,574924928,0
aB,public static java.lang.String d();,275,19306,1,574924928,:
aB,public static java.lang.String d();,321,27690,1,574924928,0
aB,public void v(nro.bF);,990,36294,3,574924928, [+
aB,public void v(nro.bF);,1033,35465,1,574924928,]
aB,public void v(nro.bF);,1539,672,1,574924928,","
aB,public void x(nro.bF);,1420,17956,3,574924928,...
aB,public void x(nro.bF);,1615,28152,1,574924928,/
aB,public void x(nro.bF);,2309,17903,2,574924928,: 
aB,public final void do();,168,2,1,574924928, 
aB,public void m(nro.bF);,1232,36294,3,574924928, [+
aB,public void m(nro.bF);,1275,35465,1,574924928,]
aB,public void m(nro.bF);,4386,36297,6,574924928,tt >>:
aB,public void y(nro.bF);,885,36303,2,574924928,- 
aB,public void y(nro.bF);,1012,36305,2,574924928, (
aB,public void y(nro.bF);,1054,28152,1,574924928,/
aB,public void y(nro.bF);,1099,1406,1,574924928,)
aB,public void y(nro.bF);,1328,36307,5,574924928,- ...
aB,public void y(nro.bF);,1580,36312,3,574924928, 0/
aB,public void y(nro.bF);,1802,36307,5,574924928,- ...
aB,public void y(nro.bF);,2005,36305,2,574924928, (
aB,public void y(nro.bF);,2050,28152,1,574924928,/
aB,public void y(nro.bF);,2094,1406,1,574924928,)
aB,public void y(nro.bF);,2393,36307,5,574924928,- ...
aB,public void y(nro.bF);,2615,36303,2,574924928,- 
aB,"public final void a(int, java.lang.Object);",65,36315,26,574924928,Đã thêm vào danh sách nhặt
aB,"public final void a(int, java.lang.Object);",137,36341,26,574924928,Đã xoá khỏi danh sách nhặt
aB,"public final void a(int, java.lang.Object);",211,36367,32,574924928,Đã thêm vào danh sách không nhặt
aB,"public final void a(int, java.lang.Object);",285,36399,32,574924928,Đã xoá khỏi danh sách không nhặt
aB,"public final void a(int, java.lang.Object);",381,857,7,574924928,Đã xóa 
aB,"public final void a(int, java.lang.Object);",417,36431,23,574924928, khỏi danh sách cho đậu
aB,"public final void a(int, java.lang.Object);",490,814,8,574924928,Đã thêm 
aB,"public final void a(int, java.lang.Object);",526,36454,22,574924928, vào danh sách cho đậu
aB,"public final void a(int, java.lang.Object);",674,857,7,574924928,Đã xóa 
aB,"public final void a(int, java.lang.Object);",713,36476,20,574924928, khỏi danh sách auto
aB,"public final void a(int, java.lang.Object);",771,36496,19,574924928,Nhập thứ tự (1-10):
aB,"public final void a(int, java.lang.Object);",892,36515,13,574924928,levelScreenKN
aB,"public final void a(int, java.lang.Object);",938,36515,13,574924928,levelScreenKN
aB,"public final void a(int, java.lang.Object);",1902,36528,11,574924928,chat player
aB,"public final void a(int, java.lang.Object);",2037,2,1,574924928, 
aB,"public final void a(int, java.lang.Object);",2559,36539,8,574924928,use item
aB,"public final void a(int, java.lang.Object);",2821,36547,11,574924928,remove item
aB,"public final void a(int, java.lang.Object);",3160,36558,7,574924928,nhan do
aB,"public final void a(int, java.lang.Object);",3236,36565,6,574924928,xoa do
aB,"public final void a(int, java.lang.Object);",3313,36571,8,574924928,nhan tat
aB,"public final void a(int, java.lang.Object);",3390,36579,6,574924928,mua do
aB,"public final void a(int, java.lang.Object);",3772,36579,6,574924928,mua do
aB,"public final void a(int, java.lang.Object);",4820,2,1,574924928, 
aB,"public final void a(int, java.lang.Object);",5156,3,2,574924928,  
aB,"public final void a(java.lang.String, java.lang.String);",1556,2,1,574924928, 
aB,"public final void a(java.lang.String, java.lang.String);",1762,3,2,574924928,  
aB,"public final void a(java.lang.String, java.lang.String);",1860,2,1,574924928, 
aB,"public final void a(java.lang.String, java.lang.String);",2005,3,2,574924928,  
aB,public void a(nro.aZ);,50,36585,3,574924928,|0|
aB,public void a(nro.aZ);,85,36588,4,574924928,"
|1|"
aB,public void a(nro.aZ);,183,36592,4,574924928,"
|5|"
aB,public void a(nro.aZ);,217,17903,2,574924928,: 
aB,public void a(nro.aZ);,254,36592,4,574924928,"
|5|"
aB,public void a(nro.aZ);,290,17903,2,574924928,: 
aB,public void a(nro.aZ);,327,36596,4,574924928,"
|4|"
aB,public void a(nro.aZ);,363,17903,2,574924928,: 
aB,public void a(nro.aZ);,406,36596,4,574924928,"
|4|"
aB,public void a(nro.aZ);,442,17903,2,574924928,: 
aB,public void a(nro.aZ);,587,28207,3,574924928,"
--"
aB,public void a(nro.aZ);,655,30088,1,574924928,"
"
aB,public void a(nro.aZ);,737,28203,4,574924928,"
|6|"
aB,public void a(nro.aZ);,773,2,1,574924928, 
aB,public void a(nro.aZ);,810,28152,1,574924928,/
aB,public void k(nro.bF);,898,17903,2,574924928,: 
aB,public void a(nro.bN);,84,36600,6,574924928,"
|7|1|"
aB,public void a(nro.bN);,158,36600,6,574924928,"
|7|1|"
aB,public void a(nro.bN);,234,36600,6,574924928,"
|7|1|"
aB,public void a(nro.bN);,339,36294,3,574924928, [+
aB,public void a(nro.bN);,381,35465,1,574924928,]
aB,public void a(nro.bN);,541,36606,5,574924928,|0|1|
aB,public void a(nro.bN);,623,36611,5,574924928,|2|1|
aB,public void a(nro.bN);,705,36616,5,574924928,|8|1|
aB,public void a(nro.bN);,787,36621,5,574924928,|7|1|
aB,public void a(nro.bN);,859,36606,5,574924928,|0|1|
aB,public void a(nro.bN);,950,1951,1,574924928,$
aB,public void a(nro.bN);,996,1951,1,574924928,$
aB,public void a(nro.bN);,1065,36626,6,574924928,"
|1|1|"
aB,public void a(nro.bN);,1127,36632,6,574924928,"
|0|1|"
aB,public void a(nro.bN);,1355,28225,2,574924928,"
|"
aB,public void a(nro.bN);,1401,28227,3,574924928,|1|
aB,public void a(nro.bN);,1456,36626,6,574924928,"
|1|1|"
aB,public void a(nro.bN);,1672,17903,2,574924928,: 
aB,public void a(nro.bN);,1751,36638,6,574924928,"
|3|1|"
aB,public void a(nro.bN);,1785,36638,6,574924928,"
|3|1|"
aB,public void a(nro.bN);,1821,17903,2,574924928,: 
aB,public void a(nro.bN);,1881,36644,6,574924928,"
|6|1|"
aB,public void a(nro.bN);,1937,36644,6,574924928,"
|6|1|"
aB,public void a(nro.bN);,1998,36650,7,574924928,"
--
|6|"
aB,public void a(nro.bN);,2084,28207,3,574924928,"
--"
aB,public void a(nro.bN);,2130,36657,4,574924928,"
|2|"
aB,public void a(nro.bN);,2193,36661,2,574924928,"

"
aB,public static void E(nro.bF);,121,2,1,574924928, 
aB,public static void E(nro.bF);,241,17903,2,574924928,: 
aB,public void G(nro.bF);,423,2,1,574924928, 
aB,public void G(nro.bF);,629,2,1,574924928, 
aB,public void dy();,277,36663,13,574924928,LOAD TAM HINH
aB,public void dy();,351,35852,8,574924928,/img/map
aB,public void dy();,387,27526,4,574924928,.png
aB,public void H(nro.bF);,850,17903,2,574924928,: 
aB,public void H(nro.bF);,1227,36294,3,574924928, [+
aB,public void H(nro.bF);,1270,35465,1,574924928,]
aB,public void H(nro.bF);,1852,672,1,574924928,","
aB,public nro.aB();,2338,35892,29,574924928,/mainImage/myTexture2dbtX.png
aB,public void u(int);,194,36676,5,574924928,|5|2|
aB,public void u(int);,228,2,1,574924928, 
aB,public void u(int);,262,2,1,574924928, 
aB,public void u(int);,318,36681,6,574924928,"
|5|2|"
aB,public void u(int);,385,36681,6,574924928,"
|5|2|"
aB,public void u(int);,452,36681,6,574924928,"
|5|2|"
aB,public void u(int);,519,36681,6,574924928,"
|5|2|"
aB,public void dC();,212,36606,5,574924928,|0|1|
aB,public void dC();,246,36687,8,574924928,"
|1|Top "
aB,public void dC();,280,36588,4,574924928,"
|1|"
aB,public void dC();,316,36657,4,574924928,"
|2|"
aB,"public void c(nro.bF, nro.bv);",69,36695,7,574924928,       
aB,"public void c(nro.bF, nro.bv);",560,17903,2,574924928,: 
aB,"public void a(nro.bF, int, int, int, int);",94,36702,18,574924928,/mainImage/o_0.png
aB,"public void a(nro.bF, int, int, int, int);",169,36720,18,574924928,/mainImage/o_1.png
aB,"public void a(nro.bF, int, int, int, int);",268,36702,18,574924928,/mainImage/o_0.png
aB,"public void a(nro.bF, int, int, int, int);",347,36738,18,574924928,/mainImage/o_2.png
aB,"public void a(nro.bF, int, int, int, int);",447,36702,18,574924928,/mainImage/o_0.png
aB,"public void a(nro.bF, int, int, int, int);",521,36756,18,574924928,/mainImage/o_3.png
aB,public void dD();,157,36774,16,574924928,toi day select= 
aB,"public final void d(int, int);",73,2,1,574924928, 
aB,"public final void d(int, int);",104,28152,1,574924928,/
aB,public void I(nro.bF);,1449,36294,3,574924928, [+
aB,public void I(nro.bF);,1492,35465,1,574924928,]
aB,public void I(nro.bF);,2076,672,1,574924928,","
aB,public void dH();,50,36790,9,574924928,FIRE ZONE
aB,public void dI();,32,36799,14,574924928,fire inventory
aB,public void dI();,716,36813,23,574924928,Xoá khỏi danh sách nhặt
aB,public void dI();,775,36836,23,574924928,Thêm vào danh sách nhặt
aB,public void dI();,835,36859,29,574924928,Xoá khỏi danh sách không nhặt
aB,public void dI();,894,36888,29,574924928,Thêm vào danh sách không nhặt
aB,public void K(nro.bF);,1156,36294,3,574924928, [+
aB,public void K(nro.bF);,1199,35465,1,574924928,]
aB,public void K(nro.bF);,1838,672,1,574924928,","
aB,public static void L(nro.bF);,49,36917,6,574924928, 2.5.0
aB,public static void L(nro.bF);,134,17903,2,574924928,: 
aB,public static void L(nro.bF);,230,2,1,574924928, 
aB,public static void L(nro.bF);,270,17903,2,574924928,: 
aB,"public void a(nro.aD, nro.bP, nro.bP);",39,36585,3,574924928,|0|
aB,"public void a(nro.aD, nro.bP, nro.bP);",112,36596,4,574924928,"
|4|"
aB,"public void a(nro.aD, nro.bP, nro.bP);",176,28207,3,574924928,"
--"
aB,"public void a(nro.aD, nro.bP, nro.bP);",224,36657,4,574924928,"
|2|"
aB,"public void a(nro.aD, nro.bP, nro.bP);",260,17903,2,574924928,: 
aB,"public void a(nro.aD, nro.bP, nro.bP);",296,36592,4,574924928,"
|5|"
aB,"public void a(nro.aD, nro.bP, nro.bP);",330,1950,1,574924928,#
aB,"public void a(nro.aD, nro.bP, nro.bP);",369,36592,4,574924928,"
|5|"
aB,"public void a(nro.aD, nro.bP, nro.bP);",430,17955,1,574924928,%
aB,"public void a(nro.aD, nro.bP, nro.bP);",468,36592,4,574924928,"
|5|"
aB,"public void a(nro.aD, nro.bP, nro.bP);",504,17903,2,574924928,: 
aB,"public void a(nro.aD, nro.bP, nro.bP);",540,36923,4,574924928,"s
--"
aB,"public void a(nro.aD, nro.bP, nro.bP);",597,36927,4,574924928,"
|0|"
aB,"public void a(nro.aD, nro.bP, nro.bP);",665,36588,4,574924928,"
|1|"
aB,"public void a(nro.aD, nro.bP, nro.bP);",711,2,1,574924928, 
aB,"public void a(nro.aD, nro.bP, nro.bP);",763,36596,4,574924928,"
|4|"
aB,"public void a(nro.aD, nro.bP, nro.bP);",797,1950,1,574924928,#
aB,"public void a(nro.aD, nro.bP, nro.bP);",859,36657,4,574924928,"
|2|"
aB,"public void a(nro.aD, nro.bP, nro.bP);",894,36588,4,574924928,"
|1|"
aB,"public void a(nro.aD, nro.bP, nro.bP);",938,2,1,574924928, 
aB,"public void a(nro.aD, nro.bP, nro.bP);",973,36596,4,574924928,"
|4|"
aB,"public void a(nro.aD, nro.bP, nro.bP);",1007,1950,1,574924928,#
aB,"public void a(nro.aD, nro.bP, nro.bP);",1046,36596,4,574924928,"
|4|"
aB,"public void a(nro.aD, nro.bP, nro.bP);",1105,17955,1,574924928,%
aB,"public void a(nro.aD, nro.bP, nro.bP);",1143,36596,4,574924928,"
|4|"
aB,"public void a(nro.aD, nro.bP, nro.bP);",1179,17903,2,574924928,: 
aB,"public void a(nro.aD, nro.bP, nro.bP);",1215,35212,1,574924928,s
aB,public void a(nro.aq);,39,36606,5,574924928,|0|1|
aB,public void a(nro.aq);,78,36931,6,574924928,"
|2|1|"
aB,public void a(nro.aq);,110,36600,6,574924928,"
|7|1|"
aB,public void a(nro.aq);,153,36626,6,574924928,"
|1|1|"
aB,public void a(nro.aq);,198,36632,6,574924928,"
|0|1|"
aB,public void a(nro.aq);,265,36931,6,574924928,"
|2|1|"
aB,public void a(nro.aq);,301,17903,2,574924928,: 
aB,public void a(nro.aq);,337,36937,7,574924928,"
--
|5|"
aB,public void a(nro.aq);,373,17903,2,574924928,: 
aB,public void a(nro.aq);,409,36592,4,574924928,"
|5|"
aB,public void a(nro.aq);,445,17903,2,574924928,: 
aB,public void a(nro.aq);,481,36596,4,574924928,"
|4|"
aB,public void a(nro.aq);,517,17903,2,574924928,: 
aB,public void a(nro.aq);,559,36596,4,574924928,"
|4|"
aB,public void a(nro.aq);,595,17903,2,574924928,: 
aB,public void a(nro.aq);,638,28203,4,574924928,"
|6|"
aB,public void a(nro.aq);,674,17903,2,574924928,: 
aB,public final int b(nro.bN);,450,36944,1,574924928,5
aB,public void b(nro.bA);,39,36606,5,574924928,|0|1|
aB,public void b(nro.bA);,78,30088,1,574924928,"
"
aB,public void b(nro.bA);,127,36945,5,574924928,|4|1|
aB,public void b(nro.bA);,182,36950,5,574924928,|3|1|
aB,public void b(nro.bA);,245,36937,7,574924928,"
--
|5|"
aB,public void b(nro.bA);,281,17903,2,574924928,: 
aB,public void O(nro.bF);,201,30089,9,574924928,HƯỚNG DẪN
aB,public void O(nro.bF);,257,19306,1,574924928,:
aB,public void ei();,39,36955,8,574924928,viewchat
aB,public void ei();,368,36606,5,574924928,|0|1|
aB,public void ei();,407,36963,8,574924928,"

--
|5|"
aB,public void ei();,441,785,1,574924928,|
aB,public void R(nro.bF);,516,28152,1,574924928,/
aB,public void R(nro.bF);,637,36971,5,574924928,(Top 
aB,public void R(nro.bF);,679,1406,1,574924928,)
aB,public void R(nro.bF);,779,36971,5,574924928,(Top 
aB,public void R(nro.bF);,821,1406,1,574924928,)
aB,public void R(nro.bF);,1142,36976,4,574924928,Auto
aB,"public void a(nro.bF, boolean);",1862,2,1,574924928, 
aB,"public void a(nro.bF, boolean);",2441,36294,3,574924928, [+
aB,"public void a(nro.bF, boolean);",2484,35465,1,574924928,]
aB,"public void a(nro.bF, boolean);",3052,672,1,574924928,","
aB,public final void en();,165,2,1,574924928, 
aB,public final void en();,407,3,2,574924928,  
aB,public final void en();,1489,36980,23,574924928,Xoá khỏi danh sách auto
aB,public final void en();,1546,37003,23,574924928,Thêm vào danh sách auto
aB,public final void en();,2175,30088,1,574924928,"
"
aB,public final void en();,2219,37026,2,574924928,"
-"
aB,public final void en();,2310,30088,1,574924928,"
"
aB,public final void en();,2366,37026,2,574924928,"
-"
aB,public final void en();,2634,30088,1,574924928,"
"
aB,public final void en();,2678,37026,2,574924928,"
-"
aB,public final void en();,2768,30088,1,574924928,"
"
aB,public final void en();,2824,37026,2,574924928,"
-"
aB,public final void en();,2963,30088,1,574924928,"
"
aB,public final void en();,3019,37026,2,574924928,"
-"
aB,public final void en();,3643,30088,1,574924928,"
"
aB,public final void en();,3687,37026,2,574924928,"
-"
aB,public final void en();,3778,30088,1,574924928,"
"
aB,public final void en();,3834,37026,2,574924928,"
-"
aB,public final void en();,4101,30088,1,574924928,"
"
aB,public final void en();,4145,37026,2,574924928,"
-"
aB,public final void en();,4237,30088,1,574924928,"
"
aB,public final void en();,4293,37026,2,574924928,"
-"
aB,public final void en();,4433,30088,1,574924928,"
"
aB,public final void en();,4489,37026,2,574924928,"
-"
aB,public final void en();,5093,30088,1,574924928,"
"
aB,public final void en();,5131,30088,1,574924928,"
"
aB,public final void en();,5166,37026,2,574924928,"
-"
aB,public final void en();,5258,30088,1,574924928,"
"
aB,public final void en();,5309,30088,1,574924928,"
"
aB,public final void en();,5344,37026,2,574924928,"
-"
aB,public final void en();,5601,30088,1,574924928,"
"
aB,public final void en();,5640,30088,1,574924928,"
"
aB,public final void en();,5675,37026,2,574924928,"
-"
aB,public final void en();,5765,30088,1,574924928,"
"
aB,public final void en();,5816,30088,1,574924928,"
"
aB,public final void en();,5851,37026,2,574924928,"
-"
aB,public final void en();,5985,30088,1,574924928,"
"
aB,public final void en();,6034,30088,1,574924928,"
"
aB,public final void en();,6069,37026,2,574924928,"
-"
aB,public final void en();,6551,37028,3,574924928,"
1 "
aB,public final void en();,6585,30088,1,574924928,"
"
aB,public final void en();,6663,37031,4,574924928,"
10 "
aB,public final void en();,6699,30088,1,574924928,"
"
aB,public final void en();,6776,37035,5,574924928,"
100 "
aB,public final void en();,6812,30088,1,574924928,"
"
aB,public final void en();,8861,37040,9,574924928,TOI DAY 1
aB,public final void en();,8915,37049,9,574924928,TOI DAY 2
aB,public final void en();,8977,37058,9,574924928,TOI DAY 3
aB,public final void en();,9019,37067,9,574924928,TOI DAY 4
aB,public final void en();,9055,37076,9,574924928,my role= 
aB,public final void en();,9468,37085,26,574924928,Xoá khỏi danh sách cho đậu
aB,public final void en();,9527,37111,26,574924928,Thêm vào danh sách cho đậu
aB,public final void en();,10170,30088,1,574924928,"
"
aB,public final void en();,10407,30088,1,574924928,"
"
aB,public final void en();,10449,37137,2,574924928," 
"
aB,public final void en();,10534,30088,1,574924928,"
"
aB,public final void en();,10646,30088,1,574924928,"
"
aB,public final void en();,10690,30088,1,574924928,"
"
aB,public final void en();,10778,30088,1,574924928,"
"
aB,public final void en();,10822,30088,1,574924928,"
"
aB,public final void en();,10935,30088,1,574924928,"
"
aB,public final void en();,10979,30088,1,574924928,"
"
aB,public final void en();,11068,30088,1,574924928,"
"
aB,public final void en();,11111,30088,1,574924928,"
"
aB,public final void en();,11217,30088,1,574924928,"
"
aB,public final void en();,11261,30088,1,574924928,"
"
aB,public final void en();,11361,30088,1,574924928,"
"
aB,public final void en();,11405,30088,1,574924928,"
"
aB,public void eo();,434,37139,46,574924928,http://dragonball.indonaga.com/coda/?username=
aB,public static void er();,143,2,1,574924928, 
aB,public static void er();,261,2,1,574924928, 
aB,public static void er();,302,3,2,574924928,  
aB,public static void er();,343,5,3,574924928,   
aB,public static void er();,1340,2,1,574924928, 
aB,public static void er();,2020,3,2,574924928,  
aB,public static void er();,2982,2,1,574924928, 
aB,public static void er();,4832,5,3,574924928,   
aB,public static void er();,8839,5,3,574924928,   
aB,public static void er();,9486,2,1,574924928, 
aB,public void a(nro.bD);,39,36585,3,574924928,|0|
aB,public void a(nro.bD);,134,36657,4,574924928,"
|2|"
aB,public void a(nro.bD);,206,37185,7,574924928,"
--
|7|"
aB,public void a(nro.bD);,241,17903,2,574924928,: 
aB,public void a(nro.bD);,277,36588,4,574924928,"
|1|"
aB,public void a(nro.bD);,313,17903,2,574924928,: 
aB,public void a(nro.bD);,349,36596,4,574924928,"
|4|"
aB,public void a(nro.bD);,385,17903,2,574924928,: 
aB,public void a(nro.bD);,422,28152,1,574924928,/
aB,public void a(nro.bD);,458,36596,4,574924928,"
|4|"
aB,public void a(nro.bD);,494,17903,2,574924928,: 
aB,public void a(nro.bD);,530,36596,4,574924928,"
|4|"
aB,public void a(nro.bD);,566,17903,2,574924928,: 
aC,public static java.lang.String d(int);,212,37192,1,574924928,d
aC,public static java.lang.String d(int);,259,37193,1,574924928,h
aC,public static java.lang.String d(int);,331,37193,1,574924928,h
aC,public static java.lang.String d(int);,378,37194,1,574924928,'
aC,public static java.lang.String d(int);,462,37195,2,574924928,ph
aC,public static java.lang.String e(int);,229,37192,1,574924928,d
aC,public static java.lang.String e(int);,278,37193,1,574924928,h
aC,public static java.lang.String e(int);,354,37193,1,574924928,h
aC,public static java.lang.String e(int);,403,37194,1,574924928,'
aC,public static java.lang.String e(int);,497,27690,1,574924928,0
aC,public static java.lang.String e(int);,547,19306,1,574924928,:
aC,public static java.lang.String e(int);,635,27690,1,574924928,0
aC,public static java.lang.String c(long);,116,37197,4,574924928,.000
aC,public static java.lang.String c(long);,171,37201,3,574924928,.00
aC,public static java.lang.String c(long);,232,37204,2,574924928,.0
aC,public static java.lang.String c(long);,285,2266,1,574924928,.
aC,public static java.lang.String c(int);,43,37206,5,574924928,GMT+7
aC,public static java.lang.String c(int);,188,28152,1,574924928,/
aC,public static java.lang.String c(int);,222,28152,1,574924928,/
aC,public static java.lang.String c(int);,256,2,1,574924928, 
aC,public static java.lang.String c(int);,289,37193,1,574924928,h
aC,public static void et();,76,2,1,574924928, 
aC,public static void et();,113,2,1,574924928, 
aC,public static void et();,216,2,1,574924928, 
aC,public static void et();,336,3,2,574924928,  
aD,public static void eu();,54,3,2,574924928,  
aD,public static void eu();,89,2,1,574924928, 
aD,public static void eu();,127,3,2,574924928,  
aD,public static void eu();,156,3,2,574924928,  
aD,public static void eu();,205,5,3,574924928,   
aE,public static {};,303,37317,8,574924928,vFlyText
aE,public static void p(int);,115,37325,12,574924928,load bg id= 
aE,public static void p(int);,145,37337,8,574924928,map ID= 
aE,public static void p(int);,542,37345,14,574924928,/bg/caycot.png
aE,public static void p(int);,2300,37359,4,574924928,HELL
aE,public static void p(int);,2802,37363,5,574924928,/bg/b
aE,public static void p(int);,2851,27526,4,574924928,.png
aE,public static void p(int);,2896,37363,5,574924928,/bg/b
aE,public static void p(int);,2945,1576,1,574924928,-
aE,public static void p(int);,2980,27526,4,574924928,.png
aE,public static void p(int);,3224,37368,11,574924928,/bg/b63.png
aE,public static void p(int);,3328,37379,12,574924928,/bg/b100.png
aE,public static void p(int);,3371,37379,12,574924928,/bg/b100.png
aE,public static void p(int);,3413,37391,13,574924928,/bg/b82-1.png
aE,public static void p(int);,3456,37404,11,574924928,/bg/b93.png
aE,public static void p(int);,3811,37363,5,574924928,/bg/b
aE,public static void p(int);,3845,37415,5,574924928,0.png
aE,public static void p(int);,3947,37363,5,574924928,/bg/b
aE,public static void p(int);,3985,27526,4,574924928,.png
aE,public static void p(int);,4030,37363,5,574924928,/bg/b
aE,public static void p(int);,4069,1576,1,574924928,-
aE,public static void p(int);,4104,27526,4,574924928,.png
aE,public static void p(int);,4450,37363,5,574924928,/bg/b
aE,public static void p(int);,4484,37415,5,574924928,0.png
aE,public static void p(int);,4560,36944,1,574924928,5
aE,public static void p(int);,4961,37420,12,574924928,/bg/sun0.png
aE,public static void p(int);,5048,37432,11,574924928,/tWater/wts
aE,public static void p(int);,5101,37443,21,574924928,/tWater/water_flow_32
aE,public static void p(int);,5155,37464,12,574924928,/bg/sun2.png
aE,public static void p(int);,5262,37476,8,574924928,/bg/sun3
aE,public static void p(int);,5312,1576,1,574924928,-
aE,public static void p(int);,5353,27526,4,574924928,.png
aE,public static void p(int);,5397,37484,8,574924928,/bg/sun4
aE,public static void p(int);,5447,1576,1,574924928,-
aE,public static void p(int);,5488,27526,4,574924928,.png
aE,public static void p(int);,5655,37492,8,574924928,/bg/sun5
aE,public static void p(int);,5704,1576,1,574924928,-
aE,public static void p(int);,5745,27526,4,574924928,.png
aE,public static void p(int);,5789,37500,8,574924928,/bg/sun6
aE,public static void p(int);,5839,1576,1,574924928,-
aE,public static void p(int);,5880,27526,4,574924928,.png
aE,public static void p(int);,6031,37508,8,574924928,/bg/sun8
aE,public static void p(int);,6081,1576,1,574924928,-
aE,public static void p(int);,6122,27526,4,574924928,.png
aE,public static void p(int);,6166,37516,8,574924928,/bg/sun7
aE,public static void p(int);,6216,1576,1,574924928,-
aE,public static void p(int);,6257,27526,4,574924928,.png
aE,public static void p(int);,6461,37524,8,574924928,/bg/sun9
aE,public static void p(int);,6511,1576,1,574924928,-
aE,public static void p(int);,6552,27526,4,574924928,.png
aE,public static void p(int);,6596,37532,9,574924928,/bg/sun10
aE,public static void p(int);,6646,1576,1,574924928,-
aE,public static void p(int);,6687,27526,4,574924928,.png
aE,public static void p(int);,6872,37541,9,574924928,/bg/sun11
aE,public static void p(int);,6922,1576,1,574924928,-
aE,public static void p(int);,6961,27526,4,574924928,.png
aE,public static void p(int);,7005,37550,9,574924928,/bg/sun12
aE,public static void p(int);,7055,1576,1,574924928,-
aE,public static void p(int);,7095,27526,4,574924928,.png
aE,public static void p(int);,7260,37559,9,574924928,/bg/sun13
aE,public static void p(int);,7310,1576,1,574924928,-
aE,public static void p(int);,7351,27526,4,574924928,.png
aE,public static void p(int);,7394,37568,9,574924928,/bg/sun14
aE,public static void p(int);,7444,1576,1,574924928,-
aE,public static void p(int);,7485,27526,4,574924928,.png
aE,public static void p(int);,7638,37577,9,574924928,/bg/sun15
aE,public static void p(int);,7688,1576,1,574924928,-
aE,public static void p(int);,7729,27526,4,574924928,.png
aE,public static void p(int);,7773,37586,8,574924928,/bg/b113
aE,public static void p(int);,7823,1576,1,574924928,-
aE,public static void p(int);,7864,27526,4,574924928,.png
aE,public static void p(int);,8452,37594,7,574924928,/bg/sun
aE,public static void p(int);,8504,1576,1,574924928,-
aE,public static void p(int);,8544,27526,4,574924928,.png
aE,public static void p(int);,8588,37601,19,574924928,/tWater/water_flow_
aE,public static void p(int);,8636,37601,19,574924928,/tWater/water_flow_
aE,public static void p(int);,9299,37594,7,574924928,/bg/sun
aE,public static void p(int);,9332,27526,4,574924928,.png
aE,public final void paint(javax.microedition.lcdui.Graphics);,1953,2,1,574924928, 
aE,public final void paint(javax.microedition.lcdui.Graphics);,1986,35212,1,574924928,s
aE,public static void dT();,91,37620,4,574924928,/e/w
aE,public static void dT();,122,27526,4,574924928,.png
aE,public static void ew();,148,3,2,574924928,  
aE,public static void ew();,188,2,1,574924928, 
aE,public static void ew();,585,2,1,574924928, 
aE,public static void ew();,626,2,1,574924928, 
aE,public static void ew();,709,5,3,574924928,   
aE,public static void ew();,1415,3,2,574924928,  
aE,public static void ew();,2728,2,1,574924928, 
aE,public static void ew();,3483,2,1,574924928, 
aE,public static void cp();,47,37624,5,574924928,IP2= 
aE,public static void cp();,80,37629,9,574924928, PORT 2= 
aE,public static void n(java.lang.String);,44,7082,2,574924928,OK
aE,"public final void a(int, java.lang.Object);",1040,37638,4,574924928,vSub
aE,public static void j(java.lang.String);,36,37642,29,574924928,Bạn không thể đổi khu vực này
aE,public static void j(java.lang.String);,67,37671,35,574924928,Không thể đổi khu vực trong map này
aE,public static void j(java.lang.String);,97,37706,25,574924928,Không thể chuyển khu vực.
aE,public static void j(java.lang.String);,128,37731,21,574924928,Không thể đổi khu vực
aE,public static void j(java.lang.String);,160,37752,31,574924928,Can not change zone in this map
aE,public static void j(java.lang.String);,192,37783,10,574924928,Tidak bisa
aE,public nro.aE();,133,37793,10,574924928,vCurrPopup
aE,public nro.aE();,453,37803,4,574924928,/e/d
aE,public nro.aE();,490,27526,4,574924928,.png
aE,public nro.aE();,635,37807,27,574924928,/mainImage/myTexture2df.png
aE,public nro.aE();,709,37834,4,574924928,fake
aE,public nro.aE();,740,37834,4,574924928,fake
aE,public nro.aE();,773,37838,19,574924928,/mainImage/wait.png
aE,public nro.aE();,808,37857,12,574924928,vDebugUpdate
aE,public nro.aE();,843,37869,10,574924928,vDeBugPait
aE,public nro.aE();,878,37879,12,574924928,vDebugSesion
aE,public nro.aE();,945,37891,24,574924928,/mainImage/myTexture2dbd
aE,public nro.aE();,978,27526,4,574924928,.png
aE,public nro.aE();,1096,19264,10,574924928,lowGraphic
aE,public nro.aE();,1127,19264,10,574924928,lowGraphic
aE,public nro.aE();,1197,32869,10,574924928,serverchat
aE,public nro.aE();,1267,37915,11,574924928,isPaintAura
aE,public nro.aE();,1337,37926,12,574924928,isPaintAura2
aE,public nro.aE();,1453,37938,18,574924928,/mainImage/18+.png
aE,public nro.aE();,1522,37956,17,574924928,/effectdata/blue/
aE,public nro.aE();,1555,27526,4,574924928,.png
aE,public nro.aE();,1599,37973,19,574924928,/effectdata/violet/
aE,public nro.aE();,1632,27526,4,574924928,.png
aF,public static {};,13,38148,224,574924928," 0123456789+-*='_?.,<>/[]{}!@#$%^&*():aáàảãạâấầẩẫậăắằẳẵặbcdđeéèẻẽẹêếềểễệfghiíìỉĩịjklmnoóòỏõọôốồổỗộơớờởỡợpqrstuúùủũụưứừửữựvxyýỳỷỹỵzwAÁÀẢÃẠĂẰẮẲẴẶÂẤẦẨẪẬBCDĐEÉÈẺẼẸÊẾỀỂỄỆFGHIÍÌỈĨỊJKLMNOÓÒỎÕỌÔỐỒỔỖỘƠỚỜỞỠỢPQRSTUÚÙỦŨỤƯỨỪỬỮỰVXYÝỲỶỸỴZW"
aF,public static {};,35,38372,25,574924928,/myfont/tahoma_7b_red.png
aF,public static {};,47,38397,17,574924928,/myfont/tahoma_7b
aF,public static {};,77,38414,26,574924928,/myfont/tahoma_7b_blue.png
aF,public static {};,89,38397,17,574924928,/myfont/tahoma_7b
aF,public static {};,119,38440,27,574924928,/myfont/tahoma_7b_white.png
aF,public static {};,131,38397,17,574924928,/myfont/tahoma_7b
aF,public static {};,161,38467,28,574924928,/myfont/tahoma_7b_yellow.png
aF,public static {};,173,38397,17,574924928,/myfont/tahoma_7b
aF,public static {};,203,38467,28,574924928,/myfont/tahoma_7b_yellow.png
aF,public static {};,215,38397,17,574924928,/myfont/tahoma_7b
aF,public static {};,245,38495,27,574924928,/myfont/tahoma_7b_brown.png
aF,public static {};,257,38397,17,574924928,/myfont/tahoma_7b
aF,public static {};,287,38522,28,574924928,/myfont/tahoma_7b_green2.png
aF,public static {};,299,38397,17,574924928,/myfont/tahoma_7b
aF,public static {};,329,38550,27,574924928,/myfont/tahoma_7b_green.png
aF,public static {};,341,38397,17,574924928,/myfont/tahoma_7b
aF,public static {};,371,38577,27,574924928,/myfont/tahoma_7b_focus.png
aF,public static {};,383,38397,17,574924928,/myfont/tahoma_7b
aF,public static {};,413,38604,29,574924928,/myfont/tahoma_7b_unfocus.png
aF,public static {};,425,38397,17,574924928,/myfont/tahoma_7b
aF,public static {};,455,38633,20,574924928,/myfont/tahoma_7.png
aF,public static {};,467,38653,16,574924928,/myfont/tahoma_7
aF,public static {};,497,38669,26,574924928,/myfont/tahoma_7_blue1.png
aF,public static {};,509,38653,16,574924928,/myfont/tahoma_7
aF,public static {};,539,38695,27,574924928,/myfont/tahoma_7_green2.png
aF,public static {};,551,38653,16,574924928,/myfont/tahoma_7
aF,public static {};,581,38722,27,574924928,/myfont/tahoma_7_yellow.png
aF,public static {};,593,38653,16,574924928,/myfont/tahoma_7
aF,public static {};,623,38749,25,574924928,/myfont/tahoma_7_grey.png
aF,public static {};,635,38653,16,574924928,/myfont/tahoma_7
aF,public static {};,665,38774,24,574924928,/myfont/tahoma_7_red.png
aF,public static {};,677,38653,16,574924928,/myfont/tahoma_7
aF,public static {};,707,38798,25,574924928,/myfont/tahoma_7_blue.png
aF,public static {};,719,38653,16,574924928,/myfont/tahoma_7
aF,public static {};,749,38823,26,574924928,/myfont/tahoma_7_green.png
aF,public static {};,761,38653,16,574924928,/myfont/tahoma_7
aF,public static {};,791,38849,26,574924928,/myfont/tahoma_7_white.png
aF,public static {};,803,38653,16,574924928,/myfont/tahoma_7
aF,public static {};,833,38875,21,574924928,/myfont/tahoma_8b.png
aF,public static {};,845,38896,17,574924928,/myfont/tahoma_8b
aF,public static {};,872,38913,13,574924928, 0123456789+-
aF,public static {};,884,38926,25,574924928,/myfont/number_yellow.png
aF,public static {};,896,38951,14,574924928,/myfont/number
aF,public static {};,923,38913,13,574924928, 0123456789+-
aF,public static {};,935,38965,22,574924928,/myfont/number_red.png
aF,public static {};,947,38951,14,574924928,/myfont/number
aF,public static {};,974,38913,13,574924928, 0123456789+-
aF,public static {};,986,38987,24,574924928,/myfont/number_green.png
aF,public static {};,998,38951,14,574924928,/myfont/number
aF,public static {};,1025,38913,13,574924928, 0123456789+-
aF,public static {};,1037,39011,23,574924928,/myfont/number_gray.png
aF,public static {};,1049,38951,14,574924928,/myfont/number
aF,public static {};,1076,38913,13,574924928, 0123456789+-
aF,public static {};,1088,39034,25,574924928,/myfont/number_orange.png
aF,public static {};,1100,38951,14,574924928,/myfont/number
aF,"public nro.aF(java.lang.String, java.lang.String, java.lang.String, int);",290,39059,10,574924928,paht data:
aF,"public final java.lang.String[] a(java.lang.String, int);",35,39069,5,574924928,vLine
aF,public static void ey();,140,2,1,574924928, 
aF,public static void ey();,209,2,1,574924928, 
aF,public static void ey();,249,3,2,574924928,  
aF,public static void ey();,289,5,3,574924928,   
aF,public static void ey();,329,2,1,574924928, 
aG,public static {};,13,39074,13,574924928,item template
aI,public static {};,16,1805,3,574924928,low
aI,public static {};,38,1808,3,574924928,mid
aI,public static {};,60,1811,4,574924928,mid2
aI,public static {};,82,1815,2,574924928,hi
aI,public static void ez();,54,2,1,574924928, 
aJ,public static void eA();,55,3,2,574924928,  
aJ,public static void eA();,91,2,1,574924928, 
aJ,public static void eA();,181,2,1,574924928, 
aJ,public static void eA();,629,5,3,574924928,   
aJ,public static void eA();,670,3,2,574924928,  
aJ,public static void eA();,2292,5,3,574924928,   
aJ,public static void eA();,3096,3,2,574924928,  
aJ,"public void a(java.io.DataInputStream, boolean);",67,39237,21,574924928,>>loadItemNew:  type:
aJ,"public void a(java.io.DataInputStream, boolean);",293,39258,7,574924928,NRitem0
aJ,"public void a(java.io.DataInputStream, boolean);",449,39265,7,574924928,NRitem1
aJ,"public void a(java.io.DataInputStream, boolean);",511,39272,13,574924928,NRitemVersion
aJ,"public void a(java.io.DataInputStream, boolean);",602,39285,9,574924928,NRitem100
aJ,"public void a(java.io.DataInputStream, boolean);",724,39294,9,574924928,NRitem101
aJ,"public static void b(java.io.DataInputStream, boolean);",46,39303,8,574924928,vcData= 
aJ,"public static void b(java.io.DataInputStream, boolean);",80,39311,7,574924928, vData=
aJ,"public static void b(java.io.DataInputStream, boolean);",119,39318,7,574924928,NR_dart
aJ,"public static void b(java.io.DataInputStream, boolean);",151,39325,8,574924928,NR_arrow
aJ,"public static void b(java.io.DataInputStream, boolean);",184,39333,9,574924928,NR_effect
aJ,"public static void b(java.io.DataInputStream, boolean);",217,33164,8,574924928,NR_image
aJ,"public static void b(java.io.DataInputStream, boolean);",250,39342,7,574924928,NR_part
aJ,"public static void b(java.io.DataInputStream, boolean);",283,39349,8,574924928,NR_skill
aJ,"public static void b(java.io.DataInputStream, boolean);",316,39357,6,574924928,NRdata
aJ,"public static boolean a(nro.bv, nro.bV);",72,39363,13,574924928,ADD TYPE PK= 
aJ,"public static boolean a(nro.bv, nro.bV);",107,39376,11,574924928, to player 
aJ,"public static boolean a(nro.bv, nro.bV);",323,39387,7,574924928, body= 
aJ,"public static boolean a(nro.bv, nro.bV);",359,39394,6,574924928, leg= 
aJ,"public static boolean a(nro.bv, nro.bV);",395,39400,5,574924928, bag=
aJ,"public static boolean a(nro.bv, nro.bV);",431,39405,6,574924928,BAG ==
aJ,"public static boolean a(nro.bv, nro.bV);",467,39411,33,574924928,*********************************
aJ,"public static boolean a(nro.bv, nro.bV);",592,27691,1,574924928,1
aJ,"public static boolean a(nro.bv, nro.bV);",768,39444,43,574924928,Controller readCharInfo body: body|leg|bag 
aJ,public final void d(boolean);,57,39487,12,574924928,connect 1 ok
aJ,public final void d(boolean);,142,32220,7,574924928,setType
aJ,public final void d(boolean);,272,32227,21,574924928,microedition.platform
aJ,public final void d(boolean);,305,32248,6,574924928,|2.5.0
aJ,public final void d(boolean);,345,32254,8,574924928,res\info
aJ,public final void d(boolean);,421,32262,6,574924928,write 
aJ,public final void d(boolean);,459,32248,6,574924928,|2.5.0
aJ,public void c(nro.bV);,76,39499,12,574924928,item.options
aJ,public static void a(byte);,39,39511,17,574924928,is loading map = 
aJ,public static void a(byte);,276,39528,14,574924928,LOAD GAMESCR 2
aJ,public static void a(byte);,872,2,1,574924928, 
aJ,public static void d(nro.bV);,254,28081,7,574924928,Skills_
aJ,public static void d(nro.bV);,294,28088,1,574924928,_
aJ,public static void d(nro.bV);,328,28088,1,574924928,_
aJ,"public static void b(nro.bV, int);",128,39542,6,574924928,type= 
aJ,"public static void b(nro.bV, int);",161,39548,5,574924928, id= 
aJ,"public static void b(nro.bV, int);",195,39553,9,574924928, playID= 
aJ,"public static void b(nro.bV, int);",229,39562,7,574924928, time= 
aJ,"public static void b(nro.bV, int);",318,39569,9,574924928,str chat 
aJ,public static void e(nro.bV);,54,39578,20,574924928,[LEN] sl nguoi choi 
aJ,public void f(nro.bV);,39,39598,10,574924928,123 char= 
aJ,public void f(nro.bV);,80,175,4,574924928,null
aJ,public void f(nro.bV);,111,28603,5,574924928,!null
aJ,public void f(nro.bV);,226,39608,6,574924928,head= 
aJ,public void f(nro.bV);,264,39387,7,574924928, body= 
aJ,public void f(nro.bV);,302,39614,7,574924928, left= 
aJ,public void f(nro.bV);,340,39621,4,574924928, x= 
aJ,public void f(nro.bV);,379,31788,4,574924928, y= 
aJ,public void f(nro.bV);,417,39625,12,574924928, chung toc= 
aJ,public void f(nro.bV);,582,39637,10,574924928,vGo size= 
aJ,public void f(nro.bV);,1516,39647,10,574924928,NPC size= 
aJ,public void f(nro.bV);,1619,39657,11,574924928,tempalte = 
aJ,public void f(nro.bV);,1668,27691,1,574924928,1
aJ,public void f(nro.bV);,1714,28224,1,574924928,2
aJ,public void f(nro.bV);,1864,39668,1,574924928,3
aJ,public void f(nro.bV);,2002,36944,1,574924928,5
aJ,public void f(nro.bV);,2078,39669,1,574924928,6
aJ,public void f(nro.bV);,2132,39670,12,574924928,item size = 
aJ,public void f(nro.bV);,2995,27511,15,574924928,/mapBackGround/
aJ,public void f(nro.bV);,3033,27526,4,574924928,.png
aJ,public void f(nro.bV);,3216,39682,6,574924928,bgItem
aJ,public void f(nro.bV);,3278,39688,13,574924928,Small  last= 
aJ,public void f(nro.bV);,3325,39701,13,574924928,new Version= 
aJ,public void f(nro.bV);,3507,27511,15,574924928,/mapBackGround/
aJ,public void f(nro.bV);,3545,27526,4,574924928,.png
aJ,public void f(nro.bV);,3815,39714,5,574924928,blend
aJ,public void f(nro.bV);,3882,39714,5,574924928,blend
aJ,public void f(nro.bV);,3947,39714,5,574924928,blend
aJ,public void f(nro.bV);,4014,39714,5,574924928,blend
aJ,public void f(nro.bV);,4149,39719,6,574924928,nKey= 
aJ,public void f(nro.bV);,4236,39725,5,574924928,key= 
aJ,public void f(nro.bV);,4270,39730,8,574924928, value= 
aJ,public void f(nro.bV);,4304,39738,68,574924928,--------------------------------------------------------------------
aJ,public void f(nro.bV);,4344,39806,3,574924928,eff
aJ,public void f(nro.bV);,4385,2266,1,574924928,.
aJ,public void f(nro.bV);,4724,39809,4,574924928,beff
aJ,public void f(nro.bV);,4817,39813,56,574924928,>>>>>>>>>>>>>>>>>>>>>>>>>>>>>>> Loadmap khong thanh cong
aJ,public void f(nro.bV);,4883,39869,50,574924928,>>>>>>>>>>>>>>>>>>>>>>>>>>>>>>> Loadmap thanh cong
aJ,public void g(nro.bV);,47,39919,26,574924928,>>---read_cmdExtraBig-sub:
aJ,public void g(nro.bV);,80,3,2,574924928,  
aJ,public static {};,33,39945,14,574924928,frame new boss
aJ,public void h(nro.bV);,47,39959,19,574924928,messageNotMap: cmd:
aJ,public void h(nro.bV);,447,39978,28,574924928,****** DATA VERSION: Server 
aJ,public void h(nro.bV);,482,40006,8,574924928, Client 
aJ,public void h(nro.bV);,530,40014,27,574924928,****** MAP VERSION: Server 
aJ,public void h(nro.bV);,565,40006,8,574924928, Client 
aJ,public void h(nro.bV);,613,40041,29,574924928,****** SKILL VERSION: Server 
aJ,public void h(nro.bV);,648,40006,8,574924928, Client 
aJ,public void h(nro.bV);,696,40070,28,574924928,****** ITEM VERSION: Server 
aJ,public void h(nro.bV);,731,40006,8,574924928, Client 
aJ,public void h(nro.bV);,781,40098,16,574924928,send update data
aJ,public void h(nro.bV);,930,40114,5,574924928,NRmap
aJ,public void h(nro.bV);,1058,40119,7,574924928,NRskill
aJ,public void h(nro.bV);,1180,39258,7,574924928,NRitem0
aJ,public void h(nro.bV);,1239,39265,7,574924928,NRitem1
aJ,public void h(nro.bV);,1299,39285,9,574924928,NRitem100
aJ,public void h(nro.bV);,1392,39294,9,574924928,NRitem101
aJ,public void h(nro.bV);,1476,40126,26,574924928,3>>>readOk:isLoadAllData: 
aJ,public void h(nro.bV);,1557,40152,14,574924928,CAPTION LENT= 
aJ,public void h(nro.bV);,1656,40166,15,574924928,GET UPDATE_MAP 
aJ,public void h(nro.bV);,1695,40181,6,574924928, bytes
aJ,public void h(nro.bV);,1780,40114,5,574924928,NRmap
aJ,public void h(nro.bV);,1840,40187,12,574924928,NRmapVersion
aJ,public void h(nro.bV);,1877,40199,28,574924928,GET UPDATE_MAP NRmapVersion:
aJ,public void h(nro.bV);,1950,40227,17,574924928,GET UPDATE_SKILL 
aJ,public void h(nro.bV);,1989,40181,6,574924928, bytes
aJ,public void h(nro.bV);,2076,40119,7,574924928,NRskill
aJ,public void h(nro.bV);,2137,40244,14,574924928,NRskillVersion
aJ,public void h(nro.bV);,2202,40258,16,574924928,GET UPDATE_ITEM 
aJ,public void h(nro.bV);,2241,40181,6,574924928, bytes
aJ,public void h(nro.bV);,2336,40274,20,574924928,REQUEST MAP TEMPLATE
aJ,public void h(nro.bV);,2429,40294,33,574924928,Cmd.REQUEST_MAPTEMPLATE=10  w|H= 
aJ,public void h(nro.bV);,2465,785,1,574924928,|
aJ,public void h(nro.bV);,2500,40327,14,574924928,"
 Dien Tich = "
aJ,public void h(nro.bV);,2846,2,1,574924928, 
aJ,public void h(nro.bV);,2963,40341,16,574924928,load Me Active: 
aJ,public void i(nro.bV);,47,40357,5,574924928,sub: 
aJ,public void i(nro.bV);,463,40362,12,574924928,Char head = 
aJ,public void i(nro.bV);,499,40374,33,574924928,+++++++++++++++++++++++++++++++++
aJ,public void i(nro.bV);,1008,40407,13,574924928,option size= 
aJ,public void i(nro.bV);,1149,40420,47,574924928,toi day =======================================
aJ,public void i(nro.bV);,1264,40420,47,574924928,toi day =======================================
aJ,public void i(nro.bV);,2152,40467,3,574924928,vci
aJ,public void i(nro.bV);,2452,40470,12,574924928,delta time= 
aJ,public void i(nro.bV);,2843,40482,19,574924928,skidd id my  char= 
aJ,public void i(nro.bV);,3079,40501,8,574924928,hpgoc  =
aJ,public void i(nro.bV);,3117,40509,10,574924928, hp full= 
aJ,public void i(nro.bV);,3199,40519,1,574924928,+
aJ,public void i(nro.bV);,3241,2,1,574924928, 
aJ,public void i(nro.bV);,3518,1576,1,574924928,-
aJ,public void i(nro.bV);,3560,2,1,574924928, 
aJ,public void i(nro.bV);,3672,40520,9,574924928,curr HP= 
aJ,public void i(nro.bV);,3777,40519,1,574924928,+
aJ,public void i(nro.bV);,3819,2,1,574924928, 
aJ,public void i(nro.bV);,4094,1576,1,574924928,-
aJ,public void i(nro.bV);,4136,2,1,574924928, 
aJ,public void i(nro.bV);,5354,2,1,574924928, 
aJ,public void i(nro.bV);,5435,40529,6,574924928,CID = 
aJ,public void i(nro.bV);,5549,40535,9,574924928,type pk= 
aJ,public void i(nro.bV);,5653,40535,9,574924928,type pk= 
aJ,public void i(nro.bV);,5829,40544,16,574924928,update type pk= 
aJ,public void i(nro.bV);,5908,40560,6,574924928,KSkill
aJ,public void i(nro.bV);,5959,40566,6,574924928,OSkill
aJ,public void i(nro.bV);,6007,40572,6,574924928,CSkill
aJ,public void i(nro.bV);,6064,40578,15,574924928,ME UPDATE SKILL
aJ,public static nro.cV a(nro.bV);,82,40593,26,574924928,>>>>read.ItemOption  errr:
aJ,public final void k(nro.bV);,51,40619,20,574924928,Receive message cmd 
aJ,public final void k(nro.bV);,99,40639,5,574924928,cmd= 
aJ,public final void k(nro.bV);,1287,40644,13,574924928,template id= 
aJ,public final void k(nro.bV);,1344,27691,1,574924928,1
aJ,public final void k(nro.bV);,1441,39668,1,574924928,3
aJ,public final void k(nro.bV);,1510,40407,13,574924928,option size= 
aJ,public final void k(nro.bV);,1920,40657,11,574924928,SKILLENT = 
aJ,public final void k(nro.bV);,2141,40668,11,574924928,byte size= 
aJ,public final void k(nro.bV);,2323,40679,7,574924928,head = 
aJ,public final void k(nro.bV);,2360,40686,5,574924928, body
aJ,public final void k(nro.bV);,2397,40691,5,574924928, leg=
aJ,public final void k(nro.bV);,2486,40696,11,574924928,isonline = 
aJ,public final void k(nro.bV);,3688,40707,15,574924928,mod attack id= 
aJ,public final void k(nro.bV);,3868,40722,10,574924928,mob dame= 
aJ,public final void k(nro.bV);,4378,1576,1,574924928,-
aJ,public final void k(nro.bV);,4833,1576,1,574924928,-
aJ,public final void k(nro.bV);,4938,40732,11,574924928,REMOVE QUÁI
aJ,public final void k(nro.bV);,5488,40743,7,574924928,nList= 
aJ,public final void k(nro.bV);,5654,40750,28,574924928,===> UPDATE_BODY:    type = 
aJ,public final void k(nro.bV);,5779,40778,42,574924928,"====> Cmd: -90 UPDATE_BODY   
  isMonkey= "
aJ,public final void k(nro.bV);,5813,40820,8,574924928, head=  
aJ,public final void k(nro.bV);,5847,39387,7,574924928, body= 
aJ,public final void k(nro.bV);,5881,40828,7,574924928, legU= 
aJ,public final void k(nro.bV);,6449,40835,16,574924928,GET UPDATE_DATA 
aJ,public final void k(nro.bV);,6488,40181,6,574924928, bytes
aJ,public final void k(nro.bV);,6617,40851,13,574924928,NRdataVersion
aJ,public final void k(nro.bV);,7360,40864,5,574924928,-----
aJ,public final void k(nro.bV);,7729,40869,4,574924928,xR= 
aJ,public final void k(nro.bV);,7763,40873,5,574924928, yR= 
aJ,public final void k(nro.bV);,7797,40878,40,574924928, +++++++++++++++++++++++++++++++++++++++
aJ,public final void k(nro.bV);,7977,40918,10,574924928,map RID = 
aJ,public final void k(nro.bV);,8014,40928,11,574924928, zone RID= 
aJ,public final void k(nro.bV);,8065,40939,9,574924928,map ID = 
aJ,public final void k(nro.bV);,8100,40948,10,574924928, zone ID= 
aJ,public final void k(nro.bV);,8446,40958,16,574924928,combine action =
aJ,public final void k(nro.bV);,9510,40679,7,574924928,head = 
aJ,public final void k(nro.bV);,9547,40686,5,574924928, body
aJ,public final void k(nro.bV);,9583,40691,5,574924928, leg=
aJ,public final void k(nro.bV);,9652,17903,2,574924928,: 
aJ,public final void k(nro.bV);,9784,40974,18,574924928,online offline id=
aJ,public final void k(nro.bV);,9886,40992,8,574924928,online= 
aJ,public final void k(nro.bV);,10341,41000,2,574924928,. 
aJ,public final void k(nro.bV);,10586,41002,29,574924928,[Controler: cmd-74] action = 
aJ,public final void k(nro.bV);,10706,41031,10,574924928,login ngay
aJ,public final void k(nro.bV);,10902,28152,1,574924928,/
aJ,public final void k(nro.bV);,10952,30777,1,574924928,x
aJ,public final void k(nro.bV);,11057,41041,11,574924928,path save= 
aJ,public final void k(nro.bV);,11091,41052,17,574924928, data save lent= 
aJ,public final void k(nro.bV);,11124,41069,5,574924928, === 
aJ,public final void k(nro.bV);,11158,41074,2,574924928,% 
aJ,public final void k(nro.bV);,11331,41076,14,574924928,last version= 
aJ,public final void k(nro.bV);,11489,41090,51,574924928,BIG MESSAGE .......................................
aJ,public final void k(nro.bV);,11871,33159,5,574924928,Small
aJ,public final void k(nro.bV);,12040,41141,60,574924928,TELEPORT ...................................................
aJ,public final void k(nro.bV);,12557,41201,27,574924928,cmd:-64 UPDATE BAG PLAER = 
aJ,public final void k(nro.bV);,12613,41228,9,574924928, BAG ID= 
aJ,public final void k(nro.bV);,12696,41237,7,574924928,GET BAG
aJ,public final void k(nro.bV);,12814,41244,5,574924928,ID=  
aJ,public final void k(nro.bV);,12848,41249,8,574924928, frame= 
aJ,public final void k(nro.bV);,12948,41257,24,574924928,cmd: -62 CLAN_IMAGE id= 
aJ,public final void k(nro.bV);,12982,41281,9,574924928, nImage= 
aJ,public final void k(nro.bV);,14146,41290,12,574924928,MY CLAN INFO
aJ,public final void k(nro.bV);,14194,41302,8,574924928,clanId= 
aJ,public final void k(nro.bV);,14527,41310,26,574924928,GameCanvas.panel.myMember 
aJ,public final void k(nro.bV);,15049,41336,24,574924928,ameCanvas.panel.myMember
aJ,public final void k(nro.bV);,15527,41360,13,574924928,.panel.member
aJ,public final void k(nro.bV);,15870,41373,7,574924928,clan = 
aJ,public final void k(nro.bV);,15954,41380,18,574924928,clan search lent= 
aJ,public final void k(nro.bV);,16311,41398,9,574924928,cAction= 
aJ,public final void k(nro.bV);,16629,41407,14,574924928,change slogan 
aJ,public final void k(nro.bV);,16715,41421,31,574924928,>.SKILL_NOT_FOCUS  skill type= 
aJ,public final void k(nro.bV);,16749,41452,15,574924928,   player use= 
aJ,public final void k(nro.bV);,16918,41467,36,574924928,>.SKILL_NOT_FOCUS  skill playerDir= 
aJ,public final void k(nro.bV);,17295,41503,37,574924928,>.SKILL_NOT_FOCUS  skill targetDame= 
aJ,public final void k(nro.bV);,17333,19306,1,574924928,:
aJ,public final void k(nro.bV);,17370,41540,6,574924928,    c:
aJ,public final void k(nro.bV);,17408,19306,1,574924928,:
aJ,public final void k(nro.bV);,17445,41546,8,574924928,   cdir:
aJ,public final void k(nro.bV);,17530,41554,8,574924928,id use= 
aJ,public final void k(nro.bV);,17702,41562,15,574924928,LOAD LAST SKILL
aJ,public final void k(nro.bV);,17745,41577,10,574924928,npc size= 
aJ,public final void k(nro.bV);,17830,41587,7,574924928,index= 
aJ,public final void k(nro.bV);,18034,41594,11,574924928,player ID= 
aJ,public final void k(nro.bV);,18067,41605,8,574924928, my ID= 
aJ,public final void k(nro.bV);,18548,41613,31,574924928, <1> Tra ve thoi gian gong   = 
aJ,public final void k(nro.bV);,18586,41644,7,574924928, last= 
aJ,public final void k(nro.bV);,19363,41651,9,574924928,second = 
aJ,public final void k(nro.bV);,19808,30088,1,574924928,"
"
aJ,public final void k(nro.bV);,20941,31592,14,574924928,nguoi ki gui  
aJ,public final void k(nro.bV);,21592,41398,9,574924928,cAction= 
aJ,public final void k(nro.bV);,21672,41660,11,574924928,num body = 
aJ,public final void k(nro.bV);,22042,39608,6,574924928,head= 
aJ,public final void k(nro.bV);,22080,39387,7,574924928, body= 
aJ,public final void k(nro.bV);,22118,39394,6,574924928, leg= 
aJ,public final void k(nro.bV);,22184,41398,9,574924928,cAction= 
aJ,public final void k(nro.bV);,22298,41671,5,574924928,numC=
aJ,public final void k(nro.bV);,23119,41398,9,574924928,cAction= 
aJ,public final void k(nro.bV);,23635,41676,5,574924928,act= 
aJ,public final void k(nro.bV);,23687,41681,12,574924928,toi duoc day
aJ,public final void k(nro.bV);,23815,41693,11,574924928,curr Peas= 
aJ,public final void k(nro.bV);,24030,41704,16,574924928,vmenu controle 2
aJ,public final void k(nro.bV);,24170,41720,10,574924928,Curr pea= 
aJ,public final void k(nro.bV);,24317,41730,25,574924928,BACK GROUND template id= 
aJ,public final void k(nro.bV);,24563,39682,6,574924928,bgItem
aJ,public final void k(nro.bV);,24633,41755,7,574924928,nItem= 
aJ,public final void k(nro.bV);,25003,41762,37,574924928,***************MAP_INFO**************
aJ,public final void k(nro.bV);,25059,41799,12,574924928,GET MAP INFO
aJ,public final void k(nro.bV);,26044,40519,1,574924928,+
aJ,public final void k(nro.bV);,26189,40519,1,574924928,+
aJ,public final void k(nro.bV);,26332,40519,1,574924928,+
aJ,public final void k(nro.bV);,26451,2,1,574924928, 
aJ,public final void k(nro.bV);,26496,2,1,574924928, 
aJ,public final void k(nro.bV);,27683,41811,7,574924928,isRes= 
aJ,public final void k(nro.bV);,28018,41818,29,574924928,====> 2 NEW DATA TEMPLATE  = 
aJ,public final void k(nro.bV);,28395,41847,16,574924928,mob image lent= 
aJ,public final void k(nro.bV);,28599,41863,12,574924928,menu open ui
aJ,public final void k(nro.bV);,28785,41875,17,574924928,npc template id= 
aJ,public final void k(nro.bV);,29078,28603,5,574924928,!null
aJ,public final void k(nro.bV);,29111,175,4,574924928,null
aJ,public final void k(nro.bV);,29237,28603,5,574924928,!null
aJ,public final void k(nro.bV);,29270,175,4,574924928,null
aJ,public final void k(nro.bV);,29348,41892,7,574924928,vt menu
aJ,public final void k(nro.bV);,29575,41899,16,574924928,OPEN_UI_SAY ID= 
aJ,public final void k(nro.bV);,29671,41915,8,574924928,npc id= 
aJ,public final void k(nro.bV);,29995,41923,16,574924928,TASK GET index= 
aJ,public final void k(nro.bV);,30363,41939,9,574924928,TASK NEXT
aJ,public final void k(nro.bV);,30943,41948,14,574924928,SA769991v4-num
aJ,public final void k(nro.bV);,31064,41962,14,574924928,SA769991v5-num
aJ,public final void k(nro.bV);,31322,41976,9,574924928,hit eff= 
aJ,public final void k(nro.bV);,31517,1576,1,574924928,-
aJ,public final void k(nro.bV);,31739,41976,9,574924928,hit eff= 
aJ,public final void k(nro.bV);,31935,1576,1,574924928,-
aJ,public final void k(nro.bV);,32043,41985,8,574924928,vmenu UI
aJ,public final void k(nro.bV);,32605,41993,45,574924928,idMessageTime + messageStr + timeMessage:::  
aJ,public final void k(nro.bV);,32626,28088,1,574924928,_
aJ,public final void k(nro.bV);,32647,28088,1,574924928,_
aJ,public final void k(nro.bV);,32691,42038,54,574924928,ADD ITEM TO MAP --------------------------------------
aJ,public final void k(nro.bV);,33432,42092,11,574924928,chat text= 
aJ,public final void k(nro.bV);,33856,30088,1,574924928,"
"
aJ,public final void k(nro.bV);,34800,42103,12,574924928,HOI SINH x= 
aJ,public final void k(nro.bV);,34824,31788,4,574924928, y= 
aJ,public final void k(nro.bV);,34935,42115,19,574924928,SERVER SEND MOB DIE
aJ,public final void k(nro.bV);,35041,1576,1,574924928,-
aJ,public final void k(nro.bV);,35114,1576,1,574924928,-
aJ,public final void k(nro.bV);,35267,42134,10,574924928,playerid= 
aJ,public final void k(nro.bV);,35288,42144,8,574924928, my id= 
aJ,public final void k(nro.bV);,35430,42152,11,574924928,mob index= 
aJ,public final void k(nro.bV);,35921,1576,1,574924928,-
aJ,public final void k(nro.bV);,36076,1576,1,574924928,-
aJ,public final void k(nro.bV);,36283,42163,6,574924928,SA8x2y
aJ,public final void k(nro.bV);,36363,42169,31,574924928,PLAYER REMOVED!!!!!============
aJ,public final void k(nro.bV);,36879,42200,13,574924928,co 1 con quai
aJ,public final void k(nro.bV);,37533,40519,1,574924928,+
aJ,public final void k(nro.bV);,37749,40519,1,574924928,+
aJ,public final void k(nro.bV);,37919,40519,1,574924928,+
aJ,public final void k(nro.bV);,38168,42213,9,574924928,user id= 
aJ,public final void k(nro.bV);,38189,42222,7,574924928, text= 
aJ,public final void k(nro.bV);,38365,42229,58,574924928,ME DIE XP DOWN NOT IMPLEMENT YET!!!!!!!!!!!!!!!!!!!!!!!!!!
aJ,public final void k(nro.bV);,38655,40519,1,574924928,+
aJ,public final void k(nro.bV);,38969,2,1,574924928, 
aJ,public static void a(java.io.DataInputStream);,42,42287,14,574924928,>>>createMap: 
aJ,public void l(nro.bV);,125,672,1,574924928,","
aJ,public void l(nro.bV);,169,42301,7,574924928,banner_
aJ,public void l(nro.bV);,326,42308,19,574924928,"
|ChienTruong|Log: "
aJ,public void l(nro.bV);,431,42327,22,574924928,	sub    0|  nCT_team= 
aJ,public void l(nro.bV);,466,42349,12,574924928,|nCT_TeamA =
aJ,public void l(nro.bV);,501,42361,20,574924928,"  isPaint_CT=false 
"
aJ,public void l(nro.bV);,625,42381,17,574924928,	sub    1 floor= 
aJ,public void l(nro.bV);,659,42398,13,574924928,|timeBallte= 
aJ,public void l(nro.bV);,692,42411,17,574924928,"isPaint_CT=true 
"
aJ,public void l(nro.bV);,828,785,1,574924928,|
aJ,public void l(nro.bV);,885,785,1,574924928,|
aJ,public void l(nro.bV);,942,785,1,574924928,|
aJ,public void l(nro.bV);,1032,42428,14,574924928,	sub   2|  A= 
aJ,public void l(nro.bV);,1067,42442,4,574924928,|B =
aJ,public void l(nro.bV);,1102,42446,19,574924928,"  isPaint_CT=true 
"
aJ,public void l(nro.bV);,1218,42465,24,574924928, =====> SEND OPTION_HAT 
aJ,public void l(nro.bV);,1252,28088,1,574924928,_
aJ,public void l(nro.bV);,1381,42489,30,574924928,"	sub    3|  isPaint_CT=false 
"
aJ,public void l(nro.bV);,1466,42519,11,574924928,END LOG CT.
aJ,"public static void a(byte, nro.bV);",74,42530,22,574924928,>>>>read.isEXTRA_LINK 
aJ,"public static void a(byte, nro.bV);",125,42552,30,574924928,>>>>read.isEXTRA_LINK  numSv: 
aJ,"public static void a(byte, nro.bV);",228,42582,34,574924928,>>>>read.isEXTRA_LINK  typeClass: 
aJ,"public static void a(byte, nro.bV);",700,42616,28,574924928,>>>>read.isEXTRA_LINK  errr:
aK,public final void b(byte);,185,42686,8,574924928,Vào game
aK,public final void b(byte);,346,42694,6,574924928,Trờ ra
aK,public static void eB();,140,2,1,574924928, 
aK,public static void eB();,183,3,2,574924928,  
aK,public static void eB();,249,2,1,574924928, 
aK,public static void eB();,479,5,3,574924928,   
aK,public static void eB();,692,2,1,574924928, 
aK,public static void eB();,938,2,1,574924928, 
aK,public final void h(nro.bF);,1119,2,1,574924928, 
aK,public final void h(nro.bF);,1325,2,1,574924928, 
aL,public void H(nro.bF);,1434,28152,1,574924928,/
aL,"public void b(nro.bF, int, int);",1733,42733,5,574924928,Tầng 
aL,"public void b(nro.bF, int, int);",2146,42738,14,574924928,#01 AAAAAAAAAA
aL,public void B(nro.bF);,4962,27689,1,574924928,*
aL,public final void cp();,625,42752,64,574924928,focus 1 con bossssssssssssssssssssssssssssssssssssssssssssssssss
aL,public static void eh();,41,39333,9,574924928,NR_effect
aL,"public static void a(int, byte);",58,42816,8,574924928,getFlag1
aL,"public static void a(int, byte);",99,42824,14,574924928,my cflag: isme
aL,"public static void a(int, byte);",136,42838,14,574924928,my cflag: true
aL,"public static void a(int, byte);",208,42852,17,574924928,my cflag: cflag==
aL,"public static void a(int, byte);",267,42869,15,574924928,my cflag: false
aL,"public static void a(int, byte);",314,42884,16,574924928,my cflag: not me
aL,"public static void a(int, byte);",361,42838,14,574924928,my cflag: true
aL,"public static void a(int, byte);",434,42852,17,574924928,my cflag: cflag==
aL,"public static void a(int, byte);",495,42869,15,574924928,my cflag: false
aL,public static void dS();,41,39349,8,574924928,NR_skill
aL,public static void dS();,890,42900,15,574924928,READ SKILL DONE
aL,public static void dK();,38,42915,16,574924928,<readOk><vsData<
aL,public static void dK();,71,42931,2,574924928,==
aL,public static void dK();,116,42933,15,574924928,<readOk><vsMap<
aL,public static void dK();,149,42931,2,574924928,==
aL,public static void dK();,196,42948,17,574924928,<readOk><vsSkill<
aL,public static void dK();,230,42931,2,574924928,==
aL,public static void dK();,277,42965,16,574924928,<readOk><vsItem<
aL,public static void dK();,311,42931,2,574924928,==
aL,public static void dK();,401,672,1,574924928,","
aL,public static void dK();,436,672,1,574924928,","
aL,public static void dK();,471,672,1,574924928,","
aL,"public final void a(java.lang.String, java.lang.String);",110,42981,8,574924928,pingABCD
aL,"public final void a(java.lang.String, java.lang.String);",187,42989,4,574924928,icon
aL,"public final void a(java.lang.String, java.lang.String);",255,42993,3,574924928,big
aL,public static void a(nro.aD);,31,42996,21,574924928,DO SET ONSCREEN SKILL
aL,public static void eE();,79,5,3,574924928,   
aL,public static void eE();,122,2,1,574924928, 
aL,public static void eE();,217,2,1,574924928, 
aL,public static void eE();,491,3,2,574924928,  
aL,public static void eE();,597,2,1,574924928, 
aL,public static void eE();,773,5,3,574924928,   
aL,public static void eE();,3244,5,3,574924928,   
aL,public static void eE();,4975,5,3,574924928,   
aL,public static void eE();,5312,2,1,574924928, 
aL,public static void eE();,6357,5,3,574924928,   
aL,public static void cx();,41,39325,8,574924928,NR_arrow
aL,public final void b(byte[]);,31,43017,13,574924928,GET KEYSKILL!
aL,public final void b(byte[]);,77,43030,22,574924928,LOAD DEFAULT KEY SKILL
aL,"public static void a(nro.bF, int);",31,43052,16,574924928,#01 nnnnnnnnnnnn
aL,"public static void a(nro.bF, int);",205,785,1,574924928,|
aL,"public final void g(int, int);",42,43068,18,574924928,ACTIVE SUPER POWER
aL,"public void a(nro.bF, boolean, nro.bv);",351,19306,1,574924928,:
aL,"public void a(nro.bF, boolean, nro.bv);",389,28152,1,574924928,/
aL,public static {};,31,43086,5,574924928,vClan
aL,public static {};,53,43091,6,574924928,vPtMap
aL,public static {};,73,43097,7,574924928,vFriend
aL,public static {};,95,43104,8,574924928,vEnemies
aL,public static {};,118,30098,10,574924928,vCharInMap
aL,public static {};,140,43112,8,574924928,vItemMap
aL,public static {};,162,43120,10,574924928,vMobAttack
aL,public static {};,183,43130,4,574924928,vSet
aL,public static {};,203,2045,4,574924928,vMob
aL,public static {};,224,43134,4,574924928,vNpc
aL,public static {};,245,43138,5,574924928,vFlag
aL,public static {};,312,43143,12,574924928,vItemUpGrade
aL,public static {};,640,43155,30,574924928,/mainImage/myTexture2dstat.png
aL,public static {};,658,43185,37,574924928,/mainImage/myTexture2dlineColor20.png
aL,public static {};,676,43222,37,574924928,/mainImage/myTexture2dlineColor21.png
aL,public static {};,694,43259,37,574924928,/mainImage/myTexture2dlineColor22.png
aL,public static {};,712,43296,37,574924928,/mainImage/myTexture2dlineColor00.png
aL,public static {};,730,43333,37,574924928,/mainImage/myTexture2dlineColor01.png
aL,public static {};,748,43370,37,574924928,/mainImage/myTexture2dlineColor02.png
aL,public static {};,812,43407,26,574924928,/mainImage/i_pve_bar_0.png
aL,public static {};,830,43433,26,574924928,/mainImage/i_pve_bar_1.png
aL,public static {};,850,43407,26,574924928,/mainImage/i_pve_bar_0.png
aL,public static {};,886,43433,26,574924928,/mainImage/i_pve_bar_1.png
aL,public static {};,921,43459,19,574924928,/mainImage/i_vs.png
aL,public static {};,939,43478,25,574924928,/mainImage/i_charlife.png
aL,public static {};,957,43503,19,574924928,/mainImage/i_hp.png
aL,public static {};,975,43522,22,574924928,/mainImage/i_khung.png
aL,public static {};,993,43544,30,574924928,/mainImage/myTexture2dbtnl.png
aL,public static {};,1011,43574,31,574924928,/mainImage/myTexture2dbtnlf.png
aL,public static {};,1029,43605,31,574924928,/mainImage/myTexture2dbtnl2.png
aL,public static {};,1047,43636,32,574924928,/mainImage/myTexture2dbtnlf2.png
aL,public static {};,1065,43668,31,574924928,/mainImage/myTexture2dpanel.png
aL,public static {};,1083,43699,21,574924928,/mainImage/panel2.png
aL,public static {};,1101,43720,28,574924928,/mainImage/myTexture2dHP.png
aL,public static {};,1119,43748,17,574924928,/mainImage/SP.png
aL,public static {};,1137,43765,32,574924928,/mainImage/myTexture2dhpLost.png
aL,public static {};,1155,43797,32,574924928,/mainImage/myTexture2dmpLost.png
aL,public static {};,1173,43829,28,574924928,/mainImage/myTexture2dMP.png
aL,public static {};,1191,43857,31,574924928,/mainImage/myTexture2dskill.png
aL,public static {};,1209,43888,32,574924928,/mainImage/myTexture2dskill2.png
aL,public static {};,1228,28728,30,574924928,/mainImage/myTexture2dmenu.png
aL,public static {};,1246,43920,31,574924928,/mainImage/myTexture2dfocus.png
aL,public static {};,1264,43951,20,574924928,/mainImage/tm-do.png
aL,public static {};,1282,43971,22,574924928,/mainImage/tm-vang.png
aL,public static {};,1300,43993,21,574924928,/mainImage/tm-xam.png
aL,public static {};,1318,44014,22,574924928,/mainImage/tm-xanh.png
aL,public static {};,1342,44036,31,574924928,/mainImage/myTexture2darrow.png
aL,public static {};,1358,44067,32,574924928,/mainImage/myTexture2darrow2.png
aL,public static {};,1374,44099,30,574924928,/mainImage/myTexture2dchat.png
aL,public static {};,1392,44129,31,574924928,/mainImage/myTexture2dchat2.png
aL,public static {};,1410,44160,32,574924928,/mainImage/myTexture2dfocus2.png
aL,public static {};,1428,44192,30,574924928,/mainImage/myTexture2dPea0.png
aL,public static {};,1446,44222,30,574924928,/mainImage/myTexture2dPea1.png
aL,public static {};,1464,44252,33,574924928,/mainImage/myTexture2danalog1.png
aL,public static {};,1482,44285,33,574924928,/mainImage/myTexture2danalog2.png
aL,public static {};,1500,44318,30,574924928,/mainImage/myTexture2dPea2.png
aL,public static {};,1518,44348,30,574924928,/mainImage/myTexture2dPea3.png
aL,public static {};,1536,44378,34,574924928,/mainImage/myTexture2dfirebtn0.png
aL,public static {};,1554,44412,34,574924928,/mainImage/myTexture2dfirebtn1.png
aL,public static {};,1572,44446,31,574924928,/mainImage/myTexture2dPea_0.png
aL,public static {};,1590,44477,31,574924928,/mainImage/myTexture2dPea_1.png
aL,public static {};,1608,44508,31,574924928,/mainImage/myTexture2dPea_2.png
aL,public static {};,1626,44539,31,574924928,/mainImage/myTexture2dPea_3.png
aL,public static {};,1644,44570,6,574924928,analog
aL,public static {};,1693,40851,13,574924928,NRdataVersion
aL,public static {};,1709,40187,12,574924928,NRmapVersion
aL,public static {};,1725,40244,14,574924928,NRskillVersion
aL,public static {};,1741,39272,13,574924928,NRitemVersion
aL,public static {};,1837,44576,13,574924928,/bg/trans.png
aL,public static {};,1863,44589,29,574924928,/mainImage/myTexture2dnut.png
aL,public static {};,1881,44618,30,574924928,/mainImage/myTexture2dnutF.png
aL,public static {};,2043,44648,32,574924928,/mainImage/myTexture2darrow3.png
aL,public static void b(nro.aD);,31,44680,16,574924928,DO SET KEY SKILL
aL,"public final void b(int, java.lang.Object);",38,44696,18,574924928,PERFORM WITH ID = 
aL,"public void b(nro.bP, boolean);",167,44714,19,574924928,>>>use skill spec: 
aL,"public void b(nro.bP, boolean);",278,44733,19,574924928,use skill not focus
aL,"public void b(nro.bP, boolean);",339,44752,17,574924928,only select skill
aL,"public void b(nro.bP, boolean);",410,44769,12,574924928,return o day
aL,public nro.aL();,308,3,2,574924928,  
aL,public nro.aL();,623,7297,6,574924928,Đổi cờ
aL,public nro.aL();,674,44781,6,574924928,Logout
aL,public nro.aL();,725,44787,10,574924928,chat world
aL,public nro.aL();,776,44797,7,574924928,InfoLog
aL,public final void ct();,1647,44804,5,574924928,find 
aL,public final void ct();,4973,29128,16,574924928,Không có Capsule
aL,public final void ct();,5209,29144,17,574924928,Không có Bông tai
aL,public final void ct();,5507,29696,1,574924928,g
aL,public final void ct();,5636,29161,4,574924928,xmap
aL,public final void ct();,11848,30088,1,574924928,"
"
aL,public final void ct();,11879,1576,1,574924928,-
aL,"public static final void h(int, int);",1310,36955,8,574924928,viewchat
aL,"public static final void h(int, int);",1376,36955,8,574924928,viewchat
aL,public final void eI();,91,44809,5,574924928,/e/sp
aL,public final void eI();,122,27526,4,574924928,.png
aL,"public void a(boolean, boolean);",155,44814,7,574924928,do fire
aL,"public void a(boolean, boolean);",1982,44821,4,574924928,dt= 
aL,public static void cG();,41,39318,7,574924928,NR_dart
aL,public final void h(nro.bF);,5212,44825,4,574924928,Mabu
aL,public final void h(nro.bF);,7127,37194,1,574924928,'
aL,public final void h(nro.bF);,7183,35212,1,574924928,s
aL,public final void h(nro.bF);,7514,37193,1,574924928,h
aL,public final void h(nro.bF);,7547,30835,1,574924928,m
aL,public final void h(nro.bF);,7941,3,2,574924928,  
aL,public final void h(nro.bF);,7975,28152,1,574924928,/
aL,public final void h(nro.bF);,8030,3,2,574924928,  
aL,public final void h(nro.bF);,8065,28152,1,574924928,/
aL,public void l(nro.bF);,83,2,1,574924928, 
aL,public final void c(byte[]);,31,44829,18,574924928,GET ONSCREENSKILL!
aL,public final void c(byte[]);,78,175,4,574924928,null
aL,public final void c(byte[]);,104,44847,27,574924928,LOAD DEFAULT ONSCREEN SKILL
aL,"public final void i(int, int);",38,44874,25,574924928,VE RONG THAN O VI TRI x= 
aL,"public final void i(int, int);",69,44899,3,574924928, y=
aL,public final void d(byte[]);,31,44902,17,574924928,GET CURRENTSKILL!
aL,public final void eK();,41,39342,7,574924928,NR_part
aL,public final void p(java.lang.String);,72,44919,1,574924928,!
aL,public void eL();,307,28603,5,574924928,!null
aL,public void eL();,339,175,4,574924928,null
aL,public void eL();,430,28603,5,574924928,!null
aL,public void eL();,462,175,4,574924928,null
aM,public static void eO();,164,5,3,574924928,   
aM,public static void eO();,246,3,2,574924928,  
aM,public static void eO();,428,2,1,574924928, 
aO,public static void eQ();,140,2,1,574924928, 
aO,public static void eQ();,180,5,3,574924928,   
aO,public static void eQ();,220,3,2,574924928,  
aO,public static void eQ();,410,2,1,574924928, 
aO,public static void eQ();,1006,2,1,574924928, 
aO,public static {};,12,44920,33,574924928,/mainImage/myTexture2dbtMenu1.png
aO,public static {};,30,44953,33,574924928,/mainImage/myTexture2dbtMenu2.png
aQ,"public nro.aQ(java.lang.String, int);",34,44986,9,574924928,socket://
aQ,"public nro.aQ(java.lang.String, int);",66,19306,1,574924928,:
aQ,public static void eW();,54,5,3,574924928,   
aQ,public static void eW();,89,2,1,574924928, 
aS,public static void eX();,54,2,1,574924928, 
aS,public static void eX();,79,2,1,574924928, 
aS,public static void eX();,106,2,1,574924928, 
aS,public static void eX();,147,3,2,574924928,  
aS,public static void eX();,255,2,1,574924928, 
aU,public final void eY();,38,19264,10,574924928,lowGraphic
aU,public final void eY();,99,19264,10,574924928,lowGraphic
aU,public static void cw();,31,44995,6,574924928,[x]   
aU,public static void cw();,56,45001,7,574924928,[  ]   
aU,public final void eZ();,78,32869,10,574924928,serverchat
aU,public final void eZ();,119,32869,10,574924928,serverchat
aU,public final void eZ();,186,44570,6,574924928,analog
aU,public final void eZ();,240,44570,6,574924928,analog
aU,public final void fa();,37,37926,12,574924928,isPaintAura2
aU,public final void fa();,93,37926,12,574924928,isPaintAura2
aU,public static void fb();,109,2,1,574924928, 
aU,public static void fb();,152,2,1,574924928, 
aU,public static void fb();,235,3,2,574924928,  
aU,public static void fb();,349,5,3,574924928,   
aU,public static void fb();,645,5,3,574924928,   
aU,public final void fc();,37,37915,11,574924928,isPaintAura
aU,public final void fc();,93,37915,11,574924928,isPaintAura
aW,public static void fd();,123,2,1,574924928, 
aY,public static {};,16,45457,7,574924928,vPopups
aY,public static void fe();,54,2,1,574924928, 
aY,public static void fe();,376,3,2,574924928,  
aY,public static void fe();,691,5,3,574924928,   
aY,public static void ad();,37,45464,29,574924928,/mainImage/myTexture2dbd3.png
aY,public static void ad();,73,45493,34,574924928,/mainImage/myTexture2dimgPopup.png
aY,public static void ad();,108,45527,35,574924928,/mainImage/myTexture2dimgPopup2.png
aY,public static void ad();,160,45562,21,574924928,/mainImage/portal.png
aZ,public static {};,16,45583,9,574924928,v Message
aZ,public static void ff();,98,2,1,574924928, 
aZ,public static void ff();,163,2,1,574924928, 
aZ,public static void ff();,203,3,2,574924928,  
aZ,public static void ff();,243,5,3,574924928,   
aZ,"public final void c(nro.bF, int, int);",211,17956,3,574924928,...
aZ,"public final void c(nro.bF, int, int);",344,17956,3,574924928,...
aZ,"public final void c(nro.bF, int, int);",445,2,1,574924928, 
aZ,"public final void c(nro.bF, int, int);",564,36305,2,574924928, (
aZ,"public final void c(nro.bF, int, int);",600,28152,1,574924928,/
aZ,"public final void c(nro.bF, int, int);",636,1406,1,574924928,)
aZ,"public final void c(nro.bF, int, int);",725,2,1,574924928, 
aZ,"public final void c(nro.bF, int, int);",764,2,1,574924928, 
aa,public static void cn();,273,2,1,574924928, 
aa,public static void cn();,364,3,2,574924928,  
aa,public static void cn();,430,2,1,574924928, 
ab,public static void cq();,99,2,1,574924928, 
ab,public static void cq();,320,3,2,574924928,  
ab,public static void cq();,428,5,3,574924928,   
ab,public static void cq();,1702,3,2,574924928,  
ab,public static {};,16,32918,13,574924928,imgNew BgItem
ab,public static {};,38,32931,8,574924928,vKeyNews
ab,public static {};,60,32939,8,574924928,vKeyLast
ac,public static void cr();,174,2,1,574924928, 
ac,public static void cr();,266,3,2,574924928,  
ac,public static void cr();,795,5,3,574924928,   
ac,"public nro.ac(int, int, boolean, long, long, nro.bv, int);",46,32947,6,574924928,vDarts
ad,public static {};,58,32979,25,574924928,/mainImage/myTexture2dgoc
ad,public static {};,83,27526,4,574924928,.png
ad,public static {};,128,33004,31,574924928,/mainImage/myTexture2dcheck.png
ad,public static void cs();,213,2,1,574924928, 
ad,public static void cs();,311,3,2,574924928,  
ad,public static void cs();,376,5,3,574924928,   
ae,public static {};,15,33137,5,574924928,vKeys
ae,public static void p(int);,38,33142,17,574924928,/SmallImage/Small
ae,public static void p(int);,70,27526,4,574924928,.png
ae,public static void p(int);,145,33159,5,574924928,Small
ae,public static void cu();,39,33164,8,574924928,NR_image
ae,public static void ad();,63,33172,13,574924928,/img/Big0.png
ae,public static void ad();,100,33185,13,574924928,/img/Big1.png
ae,public static void ad();,139,33198,13,574924928,/img/Big2.png
ae,public static void ad();,180,33211,13,574924928,/img/Big3.png
ae,public static void cv();,140,2,1,574924928, 
ae,public static void cv();,180,3,2,574924928,  
ae,public static void cv();,220,5,3,574924928,   
ae,public static void q(int);,55,33142,17,574924928,/SmallImage/Small
ae,public static void q(int);,85,27526,4,574924928,.png
ae,public static void q(int);,204,33142,17,574924928,/SmallImage/Small
ae,public static void q(int);,235,27526,4,574924928,.png
ae,public static void q(int);,319,33159,5,574924928,Small
af,public static {};,12,33224,24,574924928,/mainImage/shadowBig.png
af,public static {};,31,30698,31,574924928,/mainImage/myTexture2dmobHP.png
af,public static void cF();,54,2,1,574924928, 
af,public static void cF();,148,2,1,574924928, 
af,public static void cF();,191,2,1,574924928, 
af,public static void cF();,232,3,2,574924928,  
af,public static void cF();,340,5,3,574924928,   
af,public static void cF();,1139,2,1,574924928, 
af,public static void cF();,1310,2,1,574924928, 
af,public static void cF();,1366,5,3,574924928,   
ag,public static void cH();,54,2,1,574924928, 
ag,public static void cH();,117,5,3,574924928,   
ag,public static void cH();,162,2,1,574924928, 
ag,public static void cH();,205,3,2,574924928,  
aj,public void a(java.io.DataInputStream);,92,33248,11,574924928,small num= 
aj,public void a(java.io.DataInputStream);,787,672,1,574924928,","
aj,public static void cI();,238,2,1,574924928, 
aj,public static void cI();,278,3,2,574924928,  
aj,public static void cI();,318,2,1,574924928, 
ak,public static void cJ();,54,2,1,574924928, 
ak,public static void cJ();,292,3,2,574924928,  
al,"public nro.al(int, int, int, int, int, boolean, int);",87,33334,12,574924928,TELEPORT x= 
al,"public nro.al(int, int, int, int, int, boolean, int);",118,31788,4,574924928, y= 
al,"public nro.al(int, int, int, int, int, boolean, int);",150,32069,7,574924928, type= 
al,"public nro.al(int, int, int, int, int, boolean, int);",359,33346,4,574924928,Y2= 
al,"public nro.al(int, int, int, int, int, boolean, int);",394,33350,62,574924928,--------------------------------------------------------------
al,"public nro.al(int, int, int, int, int, boolean, int);",528,33412,34,574924928,/mainImage/myTexture2dmaybay4a.png
al,"public nro.al(int, int, int, int, int, boolean, int);",589,33446,34,574924928,/mainImage/myTexture2dmaybay4b.png
al,"public nro.al(int, int, int, int, int, boolean, int);",624,33480,19,574924928,/mainImage/hole.png
al,"public nro.al(int, int, int, int, int, boolean, int);",679,33499,28,574924928,/mainImage/myTexture2dmaybay
al,"public nro.al(int, int, int, int, int, boolean, int);",725,27526,4,574924928,.png
al,public static {};,16,33527,9,574924928,vTeleport
al,public static void cL();,98,2,1,574924928, 
al,public static void cL();,310,3,2,574924928,  
al,public static void cL();,417,5,3,574924928,   
al,public static void cL();,1008,5,3,574924928,   
al,public static void cL();,1100,2,1,574924928, 
am,public static void cM();,54,2,1,574924928, 
am,public static void cM();,210,3,2,574924928,  
am,public static void cM();,250,5,3,574924928,   
am,public static void cM();,825,2,1,574924928, 
am,public static void cM();,1453,3,2,574924928,  
am,public static void cM();,1545,5,3,574924928,   
am,public static {};,12,33224,24,574924928,/mainImage/shadowBig.png
am,public static {};,31,30698,31,574924928,/mainImage/myTexture2dmobHP.png
am,"public nro.am(int, short, short, int, long, long);",1652,0,2,574924928,/x
am,"public nro.am(int, short, short, int, long, long);",1687,28457,12,574924928,/effectdata/
am,"public nro.am(int, short, short, int, long, long);",1728,28469,5,574924928,/data
am,"public nro.am(int, short, short, int, long, long);",1772,33536,23,574924928,/effectdata/108/img.png
an,public static {};,15,33559,4,574924928,vEff
an,public static void cN();,107,2,1,574924928, 
an,public static void cN();,150,2,1,574924928, 
an,public static void cN();,190,3,2,574924928,  
an,public static void cN();,230,5,3,574924928,   
ao,public static void cO();,54,2,1,574924928, 
ao,public static void cO();,299,2,1,574924928, 
ao,"public static void a(nro.aH, int);",35,33563,12,574924928,checkDelHash
ao,"public static void a(java.lang.String, byte, byte[]);",44,33575,10,574924928,ImgByName_
ao,public static {};,16,33585,11,574924928,h ImgByName
ao,public static nro.ch a(java.lang.String);,44,33575,10,574924928,ImgByName_
ap,public static {};,17,1082,10,574924928,vClanImage
ap,public static {};,40,1092,11,574924928,h id images
ap,public static void cP();,126,2,1,574924928, 
ap,public static void cP();,169,2,1,574924928, 
aq,public static void cQ();,54,2,1,574924928, 
aq,public static void cQ();,90,2,1,574924928, 
aq,public static void cQ();,128,3,2,574924928,  
ar,public static void cR();,54,2,1,574924928, 
ar,public static void cR();,178,2,1,574924928, 
ar,public static void cR();,218,3,2,574924928,  
ar,public static void cR();,258,5,3,574924928,   
as,public static void cT();,54,2,1,574924928, 
at,public final void cU();,53,0,2,574924928,/x
at,public final void cU();,87,28457,12,574924928,/effectdata/
at,public final void cU();,126,28469,5,574924928,/data
at,public final void cU();,166,35588,23,574924928,/effectdata/100/img.png
at,"public nro.at(int, short, short, int, long, long, int);",4740,0,2,574924928,/x
at,"public nro.at(int, short, short, int, long, long, int);",4775,28457,12,574924928,/effectdata/
at,"public nro.at(int, short, short, int, long, long, int);",4818,28469,5,574924928,/data
at,"public nro.at(int, short, short, int, long, long, int);",4862,35611,23,574924928,/effectdata/101/img.png
at,public static void cV();,76,3,2,574924928,  
at,public static void cV();,113,2,1,574924928, 
at,public static void cV();,279,2,1,574924928, 
at,public static void cV();,396,5,3,574924928,   
at,public static void cV();,1908,2,1,574924928, 
at,public static void cV();,2691,5,3,574924928,   
at,public static {};,12,33224,24,574924928,/mainImage/shadowBig.png
av,public static void cX();,54,5,3,574924928,   
av,public static void cX();,178,2,1,574924928, 
av,public static void cX();,218,3,2,574924928,  
av,public static void cX();,445,2,1,574924928, 
av,public static void cX();,1154,3,2,574924928,  
av,public static void cX();,1221,3,2,574924928,  
aw,public static void cY();,109,2,1,574924928, 
aw,public static void cY();,328,3,2,574924928,  
aw,public static void cY();,368,2,1,574924928, 
aw,public static void cY();,483,2,1,574924928, 
aw,public static void cY();,547,5,3,574924928,   
aw,public final void cZ();,1876,35675,20,574924928,err  Effect.update: 
aw,public final void cZ();,1912,3,2,574924928,  
aw,public static {};,16,35695,8,574924928,vEffData
aw,public static {};,38,35703,8,574924928,vLastEff
aw,public static {};,60,35711,7,574924928,vNewEff
aw,public static {};,82,35718,11,574924928,vdowloadEff
aw,"public nro.aw(int, int, int, int, int, int);",1466,0,2,574924928,/x
aw,"public nro.aw(int, int, int, int, int, int);",1501,28457,12,574924928,/effectdata/
aw,"public nro.aw(int, int, int, int, int, int);",1534,28469,5,574924928,/data
aw,"public nro.aw(int, int, int, int, int, int);",1655,28457,12,574924928,/effectdata/
aw,"public nro.aw(int, int, int, int, int, int);",1688,30669,8,574924928,/img.png
aw,"public nro.aw(int, nro.bv, int, int, int, byte);",1466,0,2,574924928,/x
aw,"public nro.aw(int, nro.bv, int, int, int, byte);",1501,28457,12,574924928,/effectdata/
aw,"public nro.aw(int, nro.bv, int, int, int, byte);",1534,28469,5,574924928,/data
aw,"public nro.aw(int, nro.bv, int, int, int, byte);",1655,28457,12,574924928,/effectdata/
aw,"public nro.aw(int, nro.bv, int, int, int, byte);",1688,30669,8,574924928,/img.png
aw,public final void n(nro.bF);,108,35729,7,574924928,Effect 
aw,public final void n(nro.bF);,142,35736,14,574924928, err at frame 
aw,public final void n(nro.bF);,175,35750,7,574924928, vitri 
aw,public final void n(nro.bF);,210,28088,1,574924928,_
aw,public final void n(nro.bF);,246,5,3,574924928,   
ax,public static void da();,171,2,1,574924928, 
ay,public static void db();,173,2,1,574924928, 
ay,public static void db();,216,2,1,574924928, 
ay,public static void db();,308,5,3,574924928,   
ay,public static void db();,374,3,2,574924928,  
ay,public static void db();,926,2,1,574924928, 
ay,public nro.ay();,512,27531,7,574924928,/mymap/
ay,public static void a(byte[]);,63,27471,15,574924928,/mymap/mapTable
ay,public static void a(byte[]);,125,27486,25,574924928,MapTemplate.vCurrItem[a] 
ay,public static void a(byte[]);,318,27511,15,574924928,/mapBackGround/
ay,public static void a(byte[]);,354,27526,4,574924928,.png
ay,public static void a(byte[]);,423,27511,15,574924928,/mapBackGround/
ay,public static void a(byte[]);,460,27526,4,574924928,.png
az,public static void dc();,77,2,1,574924928, 
b,public java.lang.String a(nro.aY);,71,2,1,574924928, 
b,public void a(nro.cL);,256,32953,13,574924928,Có lỗi xảy ra
b,public static void j();,141,2,1,574924928, 
b,public static void j();,342,3,2,574924928,  
b,public static void j();,382,2,1,574924928, 
b,public static void j();,422,2,1,574924928, 
b,public static void j();,630,5,3,574924928,   
b,public void k();,1036,32966,13,574924928,Select menu: 
bB,public static {};,13,48750,6,574924928,VSKILL
bC,public static void gm();,54,5,3,574924928,   
bC,public static void gm();,137,2,1,574924928, 
bC,public static void gm();,247,2,1,574924928, 
bC,public static void gm();,288,3,2,574924928,  
bD,public static void gn();,142,2,1,574924928, 
bE,public static void go();,150,2,1,574924928, 
bE,public static void go();,193,2,1,574924928, 
bE,public static void go();,233,3,2,574924928,  
bE,public static void go();,273,5,3,574924928,   
bE,public static {};,26,48756,9,574924928,nr_nap_25
bE,public static {};,45,48765,10,574924928,nr_nap_150
bE,public static {};,64,48775,10,574924928,nr_nap_350
bE,public static {};,83,48785,10,574924928,nr_nap_800
bE,public static {};,102,48795,11,574924928,nr_nap_2500
bE,public static {};,132,48806,11,574924928,Nạp 25 ngọc
bE,public static {};,151,48817,12,574924928,Nạp 150 ngọc
bE,public static {};,170,48829,12,574924928,Nạp 350 ngọc
bE,public static {};,189,48841,12,574924928,Nạp 800 ngọc
bE,public static {};,208,48853,13,574924928,Nạp 2500 ngọc
bE,public static {};,238,48866,10,574924928,22.000 VND
bE,public static {};,257,48876,11,574924928,109.000 VND
bE,public static {};,276,48887,11,574924928,219.000 VND
bE,public static {};,295,48898,11,574924928,449.000 VND
bE,public static {};,314,48909,13,574924928,1.099.000 VND
bF,public static void gp();,124,2,1,574924928, 
bF,"public static int a(float, int, int);",31,48922,11,574924928,blend color
bG,public final void h(nro.bF);,1141,48933,3,574924928,Lv.
bG,public final void h(nro.bF);,1179,2,1,574924928, 
bG,public final void h(nro.bF);,1293,48936,3,574924928,no.
bG,public final void h(nro.bF);,2802,48939,21,574924928,-paint-radaScr-null: 
bG,public final void cp();,347,48960,19,574924928,-upd-radaScr-null: 
bG,public static void gq();,141,2,1,574924928, 
bG,public static void gq();,184,2,1,574924928, 
bG,public static void gq();,546,3,2,574924928,  
bG,public static void gq();,767,5,3,574924928,   
bG,public static void gq();,1584,2,1,574924928, 
bG,public static void gq();,2100,3,2,574924928,  
bG,public nro.bG();,82,48979,13,574924928,/radar/17.png
bG,public nro.bG();,109,48992,12,574924928,/radar/3.png
bG,public nro.bG();,136,49004,13,574924928,/radar/23.png
bG,public nro.bG();,264,49017,12,574924928,/radar/0.png
bG,public nro.bG();,295,49029,12,574924928,/radar/1.png
bG,public nro.bG();,326,49041,12,574924928,/radar/2.png
bG,public nro.bG();,357,48979,13,574924928,/radar/17.png
bG,public nro.bG();,388,49053,12,574924928,/radar/4.png
bG,public nro.bG();,419,49065,12,574924928,/radar/5.png
bG,public nro.bG();,450,49077,12,574924928,/radar/6.png
bG,public nro.bG();,539,49089,7,574924928,/radar/
bG,public nro.bG();,585,27526,4,574924928,.png
bG,public nro.bG();,626,49096,13,574924928,/radar/14.png
bG,public nro.bG();,657,49109,13,574924928,/radar/15.png
bG,public nro.bG();,688,49122,13,574924928,/radar/16.png
bG,public nro.bG();,718,49135,13,574924928,/radar/18.png
bG,public nro.bG();,749,49148,13,574924928,/radar/19.png
bG,public nro.bG();,780,49161,13,574924928,/radar/20.png
bG,public nro.bG();,811,49174,13,574924928,/radar/21.png
bG,public nro.bG();,841,49187,13,574924928,/radar/22.png
bH,public static java.lang.String d(java.lang.String);,32,28152,1,574924928,/
bH,public static java.lang.String d(java.lang.String);,83,328,5,574924928,UTF-8
bH,public static void gr();,54,2,1,574924928, 
bH,public static void gr();,178,2,1,574924928, 
bH,public static void gr();,221,2,1,574924928, 
bH,"public static void c(java.lang.String, java.lang.String);",34,328,5,574924928,UTF-8
bH,"public static void a(java.lang.String, byte[]);",38,49200,2,574924928,vj
bH,"public static void a(java.lang.String, byte[]);",161,49202,37,574924928,bi loi save -------------------------
bH,public static void ad();,31,49239,9,574924928,CLEAR ALL
bH,public static void ad();,92,19282,5,574924928,2.5.0
bH,public static byte[] b(java.lang.String);,38,49200,2,574924928,vj
bH,public static java.lang.String e(java.lang.String);,48,328,5,574924928,UTF-8
bH,public static {};,12,49248,10,574924928,ResVersion
bH,public static {};,27,49258,10,574924928,clienttype
bH,public static {};,42,49268,13,574924928,lastZoomlevel
bH,public static {};,57,45592,6,574924928,userAo
bH,public static {};,71,45617,3,574924928,acc
bH,public static {};,85,49281,4,574924928,pass
bH,public static {};,99,49285,5,574924928,check
bJ,public static void gt();,142,2,1,574924928, 
bJ,public static void gt();,263,2,1,574924928, 
bJ,public static void gt();,303,2,1,574924928, 
bJ,public static void gt();,344,3,2,574924928,  
bJ,"public final void f(nro.bF, int, int);",205,37194,1,574924928,'
bJ,"public final void f(nro.bF, int, int);",259,35212,1,574924928,s
bJ,"public final void f(nro.bF, int, int);",333,2,1,574924928, 
bK,public void co();,31,49321,7,574924928,END ME!
bK,"public nro.bK(nro.bv, int, nro.ah, int, int);",31,49328,6,574924928,vDARTS
bK,public static void gv();,99,2,1,574924928, 
bK,public static void gv();,190,3,2,574924928,  
bK,public static void gv();,733,5,3,574924928,   
bL,public static {};,12,49334,11,574924928,area_select
bL,public final void co();,93,49345,10,574924928,/iconHead_
bL,public final void co();,123,27526,4,574924928,.png
bL,public nro.bL();,134,49355,10,574924928,Tiếng Việt
bL,public nro.bL();,171,49365,7,574924928,English
bL,public nro.bL();,209,49372,4,574924928,Indo
bL,public nro.bL();,263,49376,8,574924928,VIỆT NAM
bL,public nro.bL();,301,49384,6,574924928,GLOBAL
bL,public nro.bL();,357,49390,18,574924928,Máy chủ tiêu chuẩn
bL,public nro.bL();,395,49408,13,574924928,Máy chủ Super
bL,public nro.bL();,451,49421,48,574924928,"Máy chủ tiêu chuẩn:
Tiến trình game bình thường."
bL,public nro.bL();,489,49469,96,574924928,"Máy chủ Super:
 -Không thể giao dịch vàng.
 x3 Sức mạnh
 x3 Tiềm năng
 x3 Vàng
 x3 Vật phẩm khác"
bL,public nro.bL();,519,49565,29,574924928,Chỉ hiện thị máy chủ đã chơi.
bL,"public final void a(int, java.lang.Object);",38,49594,24,574924928,perform trong ServerScr:
bL,public static void gw();,54,5,3,574924928,   
bL,public static void gw();,135,2,1,574924928, 
bL,public static void gw();,488,3,2,574924928,  
bL,public static void gw();,698,2,1,574924928, 
bL,public static void gw();,780,2,1,574924928, 
bL,public final void cp();,280,49618,15,574924928,sellllect      
bL,public final void cp();,316,5,3,574924928,   
bL,public final void ct();,306,49633,26,574924928,-----------vo mainSelect: 
bN,"public static void a(nro.bF, nro.bN, java.lang.String, int, int);",42,49659,1,574924928,[
bN,"public static void a(nro.bF, nro.bN, java.lang.String, int, int);",79,49660,2,574924928,] 
bN,public static boolean i(java.lang.String);,35,1952,1,574924928,;
bN,public static void r(java.lang.String);,40,1952,1,574924928,;
bN,public static void r(java.lang.String);,134,1952,1,574924928,;
bN,public static void r(java.lang.String);,175,1952,1,574924928,;
bN,public static void s(java.lang.String);,105,1952,1,574924928,;
bN,public static void t(java.lang.String);,105,1952,1,574924928,;
bN,public static boolean j(java.lang.String);,66,1952,1,574924928,;
bN,public static java.lang.String a(nro.bN);,103,27690,1,574924928,0
bN,public static boolean k(java.lang.String);,66,1952,1,574924928,;
bN,public static void u(java.lang.String);,40,1952,1,574924928,;
bN,public static void u(java.lang.String);,134,1952,1,574924928,;
bN,public static void u(java.lang.String);,175,1952,1,574924928,;
bN,public static java.lang.String b(nro.bN);,94,49662,4,574924928, sao
bN,public static void gx();,54,2,1,574924928, 
bN,public static void gx();,163,2,1,574924928, 
bN,public static void gx();,203,3,2,574924928,  
bN,public static void gx();,243,5,3,574924928,   
bP,public static void gz();,143,2,1,574924928, 
bP,public final java.lang.String f();,111,2266,1,574924928,.
bP,public final java.lang.String f(long);,47,2266,1,574924928,.
bQ,public static {};,1308,2,1,574924928, 
bQ,public static void gA();,54,3,2,574924928,  
bQ,public static void gA();,136,2,1,574924928, 
bQ,public static void gA();,202,5,3,574924928,   
bQ,public static void a(byte);,63,2376,25,574924928,http://ngocrongonline.com
bQ,public static void a(byte);,91,2401,20,574924928,/mainImage/logo1.png
bQ,public static void a(byte);,121,2421,41,574924928,Tới Whis (Hành tinh Bill) để học tuyệt kỹ
bQ,public static void a(byte);,149,2462,77,574924928,"Khi đạt tối đa thành thạo, hãy đến Whis (Hành tinh Bill) để nâng cấp tuyệt kỹ"
bQ,public static void a(byte);,178,2539,10,574924928,Thành thạo
bQ,public static void a(byte);,207,2549,13,574924928,Xóa tài khoản
bQ,public static void a(byte);,236,2562,57,574924928,Hôm nay bạn đã nạp nhiều ngọc. Ngày mai hãy nạp tiếp nhé!
bQ,public static void a(byte);,265,2619,86,574924928,"Khi bán thành công sẽ nhận lại Hồng Ngọc không phải Ngọc, bạn có muốn tiếp tục kí gửi?"
bQ,public static void a(byte);,294,2705,7,574924928,Sử dụng
bQ,public static void a(byte);,323,2712,7,574924928,Mở khóa
bQ,public static void a(byte);,352,2719,10,574924928,Sổ sưu tầm
bQ,public static void a(byte);,381,2729,12,574924928,Bạn không đủ
bQ,public static void a(byte);,410,2741,29,574924928,Chức năng tạm dừng để bảo trì
bQ,public static void a(byte);,439,2770,8,574924928,Nạp Ngọc
bQ,public static void a(byte);,468,2778,42,574924928,Bạn có chắc muốn nhặt vật phẩm này không ?
bQ,public static void a(byte);,497,2820,4,574924928,tầng
bQ,public static void a(byte);,526,2824,14,574924928,Con số may mắn
bQ,public static void a(byte);,555,2838,9,574924928,Mini game
bQ,public static void a(byte);,584,2847,9,574924928,Thông báo
bQ,public static void a(byte);,612,2856,16,574924928,Tự động hồi sinh
bQ,public static void a(byte);,641,2872,14,574924928,Chức năng auto
bQ,public static void a(byte);,669,2886,174,574924928,"Bạn có chắc muốn kết hợp vĩnh viễn với đệ tử của mình không? Bạn sẽ mất đệ tử và toàn bộ trang bị đệ tử đang mặc, toàn bộ sức mạnh của đệ tử sẽ chuyển thành tiềm năng của bạn"
bQ,public static void a(byte);,698,3060,17,574924928,Hợp thể vĩnh viễn
bQ,public static void a(byte);,726,3077,7,574924928,Hợp thể
bQ,public static void a(byte);,755,3084,36,574924928,Vui lòng nhập đúng số lượng cho phép
bQ,public static void a(byte);,784,3120,9,574924928,Chơi tiếp
bQ,public static void a(byte);,813,3129,6,574924928,Về nhà
bQ,public static void a(byte);,842,3135,10,574924928,Trạng thái
bQ,public static void a(byte);,871,3145,8,574924928,Tấn công
bQ,public static void a(byte);,900,3153,6,574924928,Bảo vệ
bQ,public static void a(byte);,929,3159,7,574924928,Đi theo
bQ,public static void a(byte);,958,3166,5,574924928,Đệ tử
bQ,public static void a(byte);,987,3171,25,574924928,Máy chủ tắt hoặc mất sóng
bQ,public static void a(byte);,1016,3196,13,574924928,Cấu hình thấp
bQ,public static void a(byte);,1045,3209,12,574924928,Cấu hình cao
bQ,public static void a(byte);,1074,3221,11,574924928,Tải dữ liệu
bQ,public static void a(byte);,1101,3232,11,574924928,Xóa dữ liệu
bQ,public static void a(byte);,1130,3243,103,574924928,"Bạn cần xóa trong trường hợp có lỗi tải dữ liệu. Khi xóa xong, bạn phải tải lại toàn bộ để có thể chơi."
bQ,public static void a(byte);,1159,1079,3,574924928,Hủy
bQ,public static void a(byte);,1188,3346,28,574924928,Vui lòng tải dữ liệu để chơi
bQ,public static void a(byte);,1217,3374,18,574924928,Úm ba la xì bùa...
bQ,public static void a(byte);,1246,3392,17,574924928,Chúc mừng con nhé
bQ,public static void a(byte);,1275,3409,24,574924928,Chúc con may mắn lần sau
bQ,public static void a(byte);,1304,3433,56,574924928,Bạn có đến tương lai ngay bây giờ với giá 1 ngọc không ?
bQ,public static void a(byte);,1333,3489,8,574924928,Tăng tốc
bQ,public static void a(byte);,1360,3497,11,574924928,Bàn phím ảo
bQ,public static void a(byte);,1389,3497,11,574924928,Bàn phím ảo
bQ,public static void a(byte);,1417,3497,11,574924928,Bàn phím ảo
bQ,public static void a(byte);,1446,3508,9,574924928,Mã bảo vệ
bQ,public static void a(byte);,1475,3517,14,574924928,Nhập mã bảo vệ
bQ,public static void a(byte);,1503,3531,33,574924928,Mã bảo vệ phải có độ dài là 6 số.
bQ,public static void a(byte);,1532,3564,88,574924928,"Vui lòng nhập số điện thoại hoặc địa chỉ email,sau đó nhập mật khẩu để tạo tài khoản mới"
bQ,public static void a(byte);,1561,3652,104,574924928,"Bạn sẽ mất tài khoản đang chơi và không thể khôi phục được nếu đổi tài khoản khác, bạn có đồng ý không ?"
bQ,public static void a(byte);,1590,3756,27,574924928,Đăng kí để bảo vệ tài khoản
bQ,public static void a(byte);,1619,3783,63,574924928,Bạn phải hoàn thành nhiệm vụ tìm ngọc 6 sao mới có thể nạp tiền
bQ,public static void a(byte);,1648,3846,20,574924928,Diễn đàn và Nạp Ngọc
bQ,public static void a(byte);,1677,3866,24,574924928,Chưa có vật phẩm rao bán
bQ,public static void a(byte);,1706,3890,24,574924928,Kéo lên để cập nhật thêm
bQ,public static void a(byte);,1734,3914,26,574924928,Kéo xuống để cập nhật thêm
bQ,public static void a(byte);,1763,3940,5,574924928,Trang
bQ,public static void a(byte);,1792,3945,6,574924928,Up Top
bQ,public static void a(byte);,1821,3951,13,574924928,"Bán bằng
vàng"
bQ,public static void a(byte);,1850,3964,13,574924928,"Bán bằng
ngọc"
bQ,public static void a(byte);,1879,3977,13,574924928,Bán bằng vàng
bQ,public static void a(byte);,1908,3990,13,574924928,Bán bằng ngọc
bQ,public static void a(byte);,1937,4003,10,574924928,"Hủy
kí gửi"
bQ,public static void a(byte);,1966,4013,9,574924928,Nhận tiền
bQ,public static void a(byte);,1995,4022,6,574924928,Đã bán
bQ,public static void a(byte);,2024,4028,8,574924928,Đang bán
bQ,public static void a(byte);,2053,4036,6,574924928,Kí gửi
bQ,public static void a(byte);,2082,4042,8,574924928,Âm thanh
bQ,public static void a(byte);,2111,4042,8,574924928,Âm thanh
bQ,public static void a(byte);,2140,4050,4,574924928,Hạng
bQ,public static void a(byte);,2169,4054,12,574924928,Chọn máy chủ
bQ,public static void a(byte);,2197,4066,9,574924928,Năng động
bQ,public static void a(byte);,2226,4075,12,574924928,Đang đăng ký
bQ,public static void a(byte);,2255,4087,43,574924928,"Đã gửi tin nhắn, xin chờ tin nhắn xác nhận."
bQ,public static void a(byte);,2284,4130,68,574924928,Không thể gởi tin nhắn. Xin kiểm tra tiền và thử khởi động lại game.
bQ,public static void a(byte);,2313,4198,23,574924928,Gửi tin nhắn thành công
bQ,public static void a(byte);,2341,4221,22,574924928,Không thể gửi tin nhắn
bQ,public static void a(byte);,2370,4243,49,574924928,Chúc mừng bạn đã gởi tin nhắn dự đoán thành công.
bQ,public static void a(byte);,2399,4292,30,574924928,Tin nhắn gửi không thành công.
bQ,public static void a(byte);,2428,4322,35,574924928,Mật khẩu phải có độ dài là 6 ký tự.
bQ,public static void a(byte);,2457,4357,32,574924928,Mật khẩu bảo vệ chỉ cho nhập số.
bQ,public static void a(byte);,2486,4389,20,574924928,Nhập mật khẩu bảo vệ
bQ,public static void a(byte);,2515,4409,13,574924928,Đổi tài khoản
bQ,public static void a(byte);,2544,4422,36,574924928,Bạn chưa nhập email hoặc số di động.
bQ,public static void a(byte);,2572,4458,22,574924928,Bạn chưa nhập mật khẩu
bQ,public static void a(byte);,2601,4480,36,574924928,Tên tài khoản phải nhiều hơn 5 ký tự
bQ,public static void a(byte);,2630,4516,70,574924928,Số di động không hợp lệ. Xin nhập theo mẫu 0912345678 hoặc 84918765432
bQ,public static void a(byte);,2659,4586,82,574924928,Email không hợp lệ. Xin nhập theo mẫu tencuaban@yahoo.com hoặc tencuaban@gmail.com
bQ,public static void a(byte);,2686,4668,21,574924928,"Đăng ký
tài khoản
mới"
bQ,public static void a(byte);,2715,4689,12,574924928,"Chọn
máy chủ"
bQ,public static void a(byte);,2744,4701,11,574924928,Quên M.khầu
bQ,public static void a(byte);,2773,4712,8,574924928,Mật khẩu
bQ,public static void a(byte);,2828,4720,21,574924928,Chưa có tài khoản xin
bQ,public static void a(byte);,2866,4741,18,574924928,chọn menu đăng ký.
bQ,public static void a(byte);,2893,4759,8,574924928,Tin nhắn
bQ,public static void a(byte);,2948,4767,3,574924928,Tin
bQ,public static void a(byte);,2987,4770,4,574924928,nhắn
bQ,public static void a(byte);,3017,4774,17,574924928,Không có tin nhắn
bQ,public static void a(byte);,3046,4791,50,574924928,Bạn có muốn huỷ chức năng bảo vệ tài khoản không ?
bQ,public static void a(byte);,3075,4841,71,574924928,"Kiểm tra chính xác để lấy lại được tài khoản nếu sau này quên mật khẩu
"
bQ,public static void a(byte);,3104,4912,10,574924928,Số di động
bQ,public static void a(byte);,3133,4922,12,574924928,Địa chỉ mail
bQ,public static void a(byte);,3160,4934,2,574924928,TK
bQ,public static void a(byte);,3187,4936,2,574924928,MK
bQ,public static void a(byte);,3216,4938,79,574924928,"Để lấy lại mật khẩu, xin vui lòng vào website http://ngocrongonline.com/matkhau"
bQ,public static void a(byte);,3245,5017,9,574924928,Ngọc rồng
bQ,public static void a(byte);,3274,5026,8,574924928,Nhân vật
bQ,public static void a(byte);,3303,5034,9,574924928,Tài khoản
bQ,public static void a(byte);,3332,5043,7,574924928,Máy chủ
bQ,public static void a(byte);,3359,5050,26,574924928,Bạn chưa nhập tên nhân vật
bQ,public static void a(byte);,3388,5076,21,574924928,Tên nhân vật quá ngắn
bQ,public static void a(byte);,3415,5097,36,574924928,Tên nhân vật không được quá 15 kí tự
bQ,public static void a(byte);,3444,5133,20,574924928,Nhân vật cần đổi tên
bQ,public static void a(byte);,3473,5153,12,574924928,Tên nhân vật
bQ,public static void a(byte);,3500,5165,9,574924928,Đăng nhập
bQ,public static void a(byte);,3529,5174,6,574924928,Đ.Nhập
bQ,public static void a(byte);,3558,5180,7,574924928,Đăng ký
bQ,public static void a(byte);,3587,5187,16,574924928,"Dịch 
chuyển tới"
bQ,public static void a(byte);,3616,5203,7,574924928,Trả thù
bQ,public static void a(byte);,3645,5210,3,574924928,Chờ
bQ,public static void a(byte);,3674,5213,7,574924928,Xin chờ
bQ,public static void a(byte);,3703,5220,12,574924928,Đang kết nối
bQ,public static void a(byte);,3732,5232,15,574924928,Không có kẻ thù
bQ,public static void a(byte);,3761,5247,9,574924928,Đang tải 
bQ,public static void a(byte);,3788,5256,47,574924928,"Có lỗi xảy ra, xin vui lòng khởi động lại game."
bQ,public static void a(byte);,3817,5303,11,574924928,Đổi khu vực
bQ,public static void a(byte);,3846,5314,12,574924928,Chọn khu vực
bQ,public static void a(byte);,3875,5326,16,574924928,"Website
diễn đàn"
bQ,public static void a(byte);,3904,5043,7,574924928,Máy chủ
bQ,public static void a(byte);,3959,5342,10,574924928,Hành trang
bQ,public static void a(byte);,3997,5352,7,574924928,Kỹ năng
bQ,public static void a(byte);,4036,5359,9,574924928,Tiềm năng
bQ,public static void a(byte);,4075,5368,9,574924928,Thông tin
bQ,public static void a(byte);,4114,5377,8,574924928,Trang bị
bQ,public static void a(byte);,4183,5385,9,574924928,Dân tộc: 
bQ,public static void a(byte);,4222,5394,5,574924928,Tóc: 
bQ,public static void a(byte);,4278,5399,8,574924928,Trái đất
bQ,public static void a(byte);,4317,5407,5,574924928,Namếc
bQ,public static void a(byte);,4356,5412,5,574924928,Xayda
bQ,public static void a(byte);,4429,5417,8,574924928,Rồng đất
bQ,public static void a(byte);,4468,5425,9,574924928,Rồng xanh
bQ,public static void a(byte);,4507,5434,7,574924928,Rồng đỏ
bQ,public static void a(byte);,4563,5441,9,574924928,Thách đấu
bQ,public static void a(byte);,4602,5450,9,574924928,Luyện tập
bQ,public static void a(byte);,4639,5459,7,574924928,Cừu sát
bQ,public static void a(byte);,4678,5466,7,574924928,Kết bạn
bQ,public static void a(byte);,4715,5473,12,574924928,Mời vào bang
bQ,public static void a(byte);,4754,5485,8,574924928,Phục hồi
bQ,public static void a(byte);,4793,5493,13,574924928,Xem thông tin
bQ,public static void a(byte);,4832,5506,10,574924928,Chat riêng
bQ,public static void a(byte);,4871,5516,11,574924928,Mời vào tộc
bQ,public static void a(byte);,4909,5527,16,574924928,Chặn xin vào tộc
bQ,public static void a(byte);,4991,5543,5,574924928,Nhiệm
bQ,public static void a(byte);,5030,5548,2,574924928,Vụ
bQ,public static void a(byte);,5096,5550,4,574924928,Hành
bQ,public static void a(byte);,5135,3940,5,574924928,Trang
bQ,public static void a(byte);,5201,5554,2,574924928,Kỹ
bQ,public static void a(byte);,5240,5556,4,574924928,Năng
bQ,public static void a(byte);,5306,5560,4,574924928,Chức
bQ,public static void a(byte);,5344,5556,4,574924928,Năng
bQ,public static void a(byte);,5425,5543,5,574924928,Nhiệm
bQ,public static void a(byte);,5464,5548,2,574924928,Vụ
bQ,public static void a(byte);,5528,5550,4,574924928,Hành
bQ,public static void a(byte);,5567,3940,5,574924928,Trang
bQ,public static void a(byte);,5633,5554,2,574924928,Kỹ
bQ,public static void a(byte);,5669,5556,4,574924928,Năng
bQ,public static void a(byte);,5734,5564,4,574924928,Bang
bQ,public static void a(byte);,5772,5568,3,574924928,Hội
bQ,public static void a(byte);,5837,5560,4,574924928,Chức
bQ,public static void a(byte);,5876,5556,4,574924928,Năng
bQ,public static void a(byte);,5959,5571,2,574924928,Đệ
bQ,public static void a(byte);,5998,5573,2,574924928,Tử
bQ,public static void a(byte);,6064,5575,5,574924928,Trạng
bQ,public static void a(byte);,6101,5580,4,574924928,Thái
bQ,public static void a(byte);,6167,5550,4,574924928,Hành
bQ,public static void a(byte);,6206,3940,5,574924928,Trang
bQ,public static void a(byte);,6287,5571,2,574924928,Đệ
bQ,public static void a(byte);,6326,5573,2,574924928,Tử
bQ,public static void a(byte);,6392,5575,5,574924928,Trạng
bQ,public static void a(byte);,6431,5580,4,574924928,Thái
bQ,public static void a(byte);,6488,5584,10,574924928,"Vào
phím Q"
bQ,public static void a(byte);,6525,5594,10,574924928,"Vào
phím W"
bQ,public static void a(byte);,6564,5604,10,574924928,"Vào
phím E"
bQ,public static void a(byte);,6603,5614,10,574924928,"Vào
phím R"
bQ,public static void a(byte);,6642,5624,10,574924928,"Vào
phím T"
bQ,public static void a(byte);,6773,5634,10,574924928,"Vào
phím 7"
bQ,public static void a(byte);,6812,5644,10,574924928,"Vào
phím 8"
bQ,public static void a(byte);,6851,5654,10,574924928,"Vào
phím 9"
bQ,public static void a(byte);,6890,5664,10,574924928,"Vào
phím 1"
bQ,public static void a(byte);,6929,5674,10,574924928,"Vào
phím 3"
bQ,public static void a(byte);,7032,5684,44,574924928,Chiêu đánh hiện tại của bạn chưa nâng cấp độ
bQ,public static void a(byte);,7061,5728,42,574924928,Đã hết đậu thần. Cậu hãy về thu hoạch thêm
bQ,public static void a(byte);,7090,5770,22,574924928,Bạn đang ở khu vực này
bQ,public static void a(byte);,7143,5792,11,574924928,Hãy đi tìm 
bQ,public static void a(byte);,7182,5803,3,574924928, ở 
bQ,public static void a(byte);,7221,5806,18,574924928, để nhận nhiệm vụ.
bQ,public static void a(byte);,7260,5824,94,574924928,"Bạn đã hoàn thành hết nhiệm vụ phiên bản này, vui lòng chờ cho đến khi ra phiên bản tiếp theo."
bQ,public static void a(byte);,7314,5918,8,574924928,Kiệt sức
bQ,public static void a(byte);,7353,5210,3,574924928,Chờ
bQ,public static void a(byte);,7392,3129,6,574924928,Về nhà
bQ,public static void a(byte);,7431,5926,22,574924928,"Hồi sinh
ngay
(1 ngọc)"
bQ,public static void a(byte);,7487,5948,6,574924928,Bản đồ
bQ,public static void a(byte);,7526,5954,8,574924928,Nhiệm vụ
bQ,public static void a(byte);,7565,5962,7,574924928,Gia tộc
bQ,public static void a(byte);,7619,5969,43,574924928,Đậu thần dùng để tăng KI và HP ngay lập tức
bQ,public static void a(byte);,7658,6012,94,574924928,"Bạn chỉ mang theo người được 10 hạt đậu. Nếu muốn mang nhiều hơn, hãy xin từ bạn bè trong Bang"
bQ,public static void a(byte);,7697,6106,94,574924928,"Tất cả các sách kỹ năng đều có thể học miễn phí tại Quy Lão Kame, khi bạn có đủ điểm tiềm năng"
bQ,public static void a(byte);,7736,6200,43,574924928,"Bạn không thể bay, dùng kỹ năng, nếu hết KI"
bQ,public static void a(byte);,7775,6243,91,574924928,Tấn công quái vật cùng bạn bè trong Bang sẽ mang lại nhiều điểm tiềm năng hơn đánh một mình
bQ,public static void a(byte);,7813,6334,93,574924928,Tập luyện với bạn bè tại khu vực thích hợp sẽ mang lại nhiều điểm tiềm năng hơn đánh quái vật
bQ,public static void a(byte);,7852,6427,58,574924928,"Khi được nâng cấp, đậu thần sẽ phục hồi nhiều HP và KI hơn"
bQ,public static void a(byte);,7891,6485,56,574924928,Vào trò chơi đều đặn mỗi ngày để nhận được Ngọc miễn phí
bQ,public static void a(byte);,7930,6541,81,574924928,"Đùi gà sẽ phục hồi 100% HP, KI. Cà chua phục hồi 100% KI. Cà rốt phục hồi 100% HP"
bQ,public static void a(byte);,7969,6622,67,574924928,"Cây đậu thần kết một hạt sau một thời gian, cho dù bạn đang offline"
bQ,public static void a(byte);,8008,6689,77,574924928,"Sau 3 ngày không tham gia trò chơi, bạn sẽ bị giảm sức mạnh do lười luyện tập"
bQ,public static void a(byte);,8045,6766,79,574924928,"Bạn sẽ giảm thể lực khi đánh quái, nhưng sẽ tăng lại thể lực khi không đánh nữa"
bQ,public static void a(byte);,8084,6845,41,574924928,"Khi nào hết ngọc, bạn hãy đến chỗ Bò Mộng"
bQ,public static void a(byte);,8114,6886,69,574924928,"Sau khi gia nhập vào lớp học, thì có thể nhận nhiệm vụ từ hiệu trưởng"
bQ,public static void a(byte);,8143,6955,7,574924928,Số seri
bQ,public static void a(byte);,8171,6962,6,574924928,Mã thẻ
bQ,public static void a(byte);,8200,6968,33,574924928,"Nạp thẻ Vina, Mobi, Viettel, Gate"
bQ,public static void a(byte);,8229,7001,7,574924928,Nạp thẻ
bQ,public static void a(byte);,8256,7008,23,574924928,Vui lòng nhập số serial
bQ,public static void a(byte);,8285,7031,21,574924928,Vui lòng nhập mã code
bQ,public static void a(byte);,8314,7052,2,574924928,Tỉ
bQ,public static void a(byte);,8343,7054,2,574924928,Tr
bQ,public static void a(byte);,8372,7056,4,574924928,Menu
bQ,public static void a(byte);,8399,1801,4,574924928,Đóng
bQ,public static void a(byte);,8426,7060,3,574924928,Xóa
bQ,public static void a(byte);,8455,7063,8,574924928,Tiếp tục
bQ,public static void a(byte);,8484,2705,7,574924928,Sử dụng
bQ,public static void a(byte);,8513,7071,2,574924928,Có
bQ,public static void a(byte);,8542,7073,5,574924928,Không
bQ,public static void a(byte);,8571,667,5,574924928,Thoát
bQ,public static void a(byte);,8600,7078,4,574924928,Chat
bQ,public static void a(byte);,8628,7082,2,574924928,OK
bQ,public static void a(byte);,8657,7084,3,574924928,Nhớ
bQ,public static void a(byte);,8686,7087,6,574924928,Đồng ý
bQ,public static void a(byte);,8715,1079,3,574924928,Hủy
bQ,public static void a(byte);,8744,7093,4,574924928,Chọn
bQ,public static void a(byte);,8773,7097,6,574924928,Đi vào
bQ,public static void a(byte);,8801,7103,7,574924928,Mở link
bQ,public static void a(byte);,8830,7110,7,574924928,Tạo mới
bQ,public static void a(byte);,8859,1801,4,574924928,Đóng
bQ,public static void a(byte);,8888,7117,9,574924928,Tiêu diệt
bQ,public static void a(byte);,8917,7126,10,574924928,Bắt tà thú
bQ,public static void a(byte);,8946,7136,4,574924928,vàng
bQ,public static void a(byte);,8975,7140,4,574924928,ngọc
bQ,public static void a(byte);,9004,7144,9,574924928,hồng ngọc
bQ,public static void a(byte);,9033,7153,36,574924928,Điểm hiếu chiến của bạn hiện tại là 
bQ,public static void a(byte);,9062,7189,20,574924928, bắt đầu cừu sát bạn
bQ,public static void a(byte);,9091,7209,22,574924928,Không đủ KI để sử dụng
bQ,public static void a(byte);,9120,7231,13,574924928,Bạn nhận được
bQ,public static void a(byte);,9149,7244,13,574924928,Bạn học được 
bQ,public static void a(byte);,9178,7257,6,574924928,Bạn bè
bQ,public static void a(byte);,9207,7263,6,574924928,Kẻ thù
bQ,public static void a(byte);,9236,7269,15,574924928,Không có bạn bè
bQ,public static void a(byte);,9261,7284,13,574924928,Chat thế giới
bQ,public static void a(byte);,9290,7297,6,574924928,Đổi cờ
bQ,public static void a(byte);,9318,7303,8,574924928,Cấu hình
bQ,public static void a(byte);,9347,7311,26,574924928,Tăng đồ họa (cho máy mạnh)
bQ,public static void a(byte);,9376,7337,25,574924928,Giảm đồ họa (cho máy yếu)
bQ,public static void a(byte);,9405,7362,20,574924928,Thông báo từ máy chủ
bQ,public static void a(byte);,9434,7382,18,574924928,Hào quang đặc biệt
bQ,public static void a(byte);,9463,7400,18,574924928,Hào quang sức mạnh
bQ,public static void a(byte);,9492,7418,12,574924928,Màn hình lớn
bQ,public static void a(byte);,9521,7430,12,574924928,Màn hình nhỏ
bQ,public static void a(byte);,9549,7442,54,574924928,Bạn có muốn thoát game để thay đổi cỡ màn hình không ?
bQ,public static void a(byte);,9578,7496,8,574924928,Rương đồ
bQ,public static void a(byte);,9633,7504,5,574924928,Rương
bQ,public static void a(byte);,9671,7509,2,574924928,Đồ
bQ,public static void a(byte);,9725,5550,4,574924928,Hành
bQ,public static void a(byte);,9764,3940,5,574924928,Trang
bQ,public static void a(byte);,9820,7511,3,574924928,Kết
bQ,public static void a(byte);,9859,7514,3,574924928,hợp
bQ,public static void a(byte);,9914,7517,3,574924928,Bản
bQ,public static void a(byte);,9952,7520,2,574924928,đồ
bQ,public static void a(byte);,9994,7522,4,574924928,Item
bQ,public static void a(byte);,10013,7526,3,574924928,cho
bQ,public static void a(byte);,10043,7522,4,574924928,Item
bQ,public static void a(byte);,10062,7529,4,574924928,nhận
bQ,public static void a(byte);,10092,7533,3,574924928,Khu
bQ,public static void a(byte);,10111,7536,3,574924928,Vực
bQ,public static void a(byte);,10128,7539,7,574924928,Khu vực
bQ,public static void a(byte);,10144,5948,6,574924928,Bản đồ
bQ,public static void a(byte);,10160,7546,9,574924928,Item nhận
bQ,public static void a(byte);,10175,7555,4,574924928,Nhận
bQ,public static void a(byte);,10191,7559,8,574924928,Nhận tất
bQ,public static void a(byte);,10207,7567,52,574924928,Hãy đến vị trí chớp nháy trên bản đồ để làm nhiệm vụ
bQ,public static void a(byte);,10223,7619,18,574924928,"Dành cho Trái Đất
"
bQ,public static void a(byte);,10239,7637,15,574924928,"Dành cho Namếc
"
bQ,public static void a(byte);,10255,7652,15,574924928,"Dành cho Xayda
"
bQ,public static void a(byte);,10271,7667,16,574924928,Sức mạnh yêu cầu
bQ,public static void a(byte);,10287,7683,16,574924928,Sức mạnh của bạn
bQ,public static void a(byte);,10303,7699,7,574924928,Đã dùng
bQ,public static void a(byte);,10318,7706,1,574924928,ô
bQ,public static void a(byte);,10334,7707,8,574924928,Nâng cấp
bQ,public static void a(byte);,10350,7715,13,574924928,Đang nâng cấp
bQ,public static void a(byte);,10366,7728,14,574924928,"Gán ô
phím tắt"
bQ,public static void a(byte);,10382,7742,10,574924928,"Vào ô
thứ "
bQ,public static void a(byte);,10398,7752,13,574924928,"Cất vào
rương"
bQ,public static void a(byte);,10414,7765,13,574924928,Cất vào rương
bQ,public static void a(byte);,10430,7778,10,574924928,Nói chuyện
bQ,public static void a(byte);,10445,7788,3,574924928,Hụt
bQ,public static void a(byte);,10460,7791,3,574924928,Cho
bQ,public static void a(byte);,10475,7555,4,574924928,Nhận
bQ,public static void a(byte);,10491,7794,10,574924928,Nhấn 2 lần
bQ,public static void a(byte);,10507,7804,16,574924928,Có thể thu hoạch
bQ,public static void a(byte);,10523,7820,18,574924928,Nhấn Y để đồng ý (
bQ,public static void a(byte);,10539,7838,18,574924928,Nhấn # để đồng ý (
bQ,public static void a(byte);,10555,7856,42,574924928,Xin khởi động lại game để cập nhật dữ liệu
bQ,public static void a(byte);,10571,7898,11,574924928,Đang online
bQ,public static void a(byte);,10587,7909,12,574924928,Đang offline
bQ,public static void a(byte);,10603,5466,7,574924928,Kết bạn
bQ,public static void a(byte);,10619,7921,11,574924928,Chat player
bQ,public static void a(byte);,10635,7932,8,574924928,Chat với
bQ,public static void a(byte);,10651,7940,16,574924928,Capsule cho bang
bQ,public static void a(byte);,10667,7956,15,574924928,Capsule cá nhân
bQ,public static void a(byte);,10683,7971,12,574924928,Capsule bang
bQ,public static void a(byte);,10699,7983,7,574924928,Cho đậu
bQ,public static void a(byte);,10715,7990,8,574924928,Nhận đậu
bQ,public static void a(byte);,10731,7998,7,574924928,Xin đậu
bQ,public static void a(byte);,10746,8005,4,574924928, lần
bQ,public static void a(byte);,10762,8009,7,574924928,Đã nhận
bQ,public static void a(byte);,10778,8016,8,574924928,Sức mạnh
bQ,public static void a(byte);,10794,8024,13,574924928,Ngày gia nhập
bQ,public static void a(byte);,10810,8037,8,574924928,Bang chủ
bQ,public static void a(byte);,10826,8045,8,574924928,Phó bang
bQ,public static void a(byte);,10842,8053,13,574924928,Điểm sức mạnh
bQ,public static void a(byte);,10858,8066,10,574924928,Thành viên
bQ,public static void a(byte);,10887,8076,5,574924928,Thành
bQ,public static void a(byte);,10906,8081,4,574924928,viên
bQ,public static void a(byte);,10936,7078,4,574924928,Chat
bQ,public static void a(byte);,10955,8085,4,574924928,bang
bQ,public static void a(byte);,10985,8089,3,574924928,Rời
bQ,public static void a(byte);,11004,8085,4,574924928,bang
bQ,public static void a(byte);,11034,8092,3,574924928,Lập
bQ,public static void a(byte);,11053,8085,4,574924928,bang
bQ,public static void a(byte);,11083,8095,3,574924928,Tìm
bQ,public static void a(byte);,11102,8085,4,574924928,bang
bQ,public static void a(byte);,11132,8098,4,574924928,Khẩu
bQ,public static void a(byte);,11151,8102,4,574924928,hiệu
bQ,public static void a(byte);,11181,8106,4,574924928,Biểu
bQ,public static void a(byte);,11200,8110,5,574924928,tượng
bQ,public static void a(byte);,11230,8115,3,574924928,Xin
bQ,public static void a(byte);,11249,8118,3,574924928,đậu
bQ,public static void a(byte);,11265,8121,3,574924928,Cấp
bQ,public static void a(byte);,11281,8124,16,574924928,Ngày thành lập: 
bQ,public static void a(byte);,11297,8140,14,574924928,Danh sách bang
bQ,public static void a(byte);,11313,8154,13,574924928,Chưa vào bang
bQ,public static void a(byte);,11343,8167,20,574924928,Hiện tại bang chỉ có
bQ,public static void a(byte);,11363,8187,21,574924928, 1 thành viên là bạn.
bQ,public static void a(byte);,11383,8208,26,574924928, Xin chờ có người xin vào.
bQ,public static void a(byte);,11403,8234,29,574924928, Bạn có thể chọn vào nhân vật
bQ,public static void a(byte);,11423,8263,24,574924928, khác để mời họ vào bang
bQ,public static void a(byte);,11440,8287,13,574924928,Nhập tên bang
bQ,public static void a(byte);,11456,8300,8,574924928,Tên bang
bQ,public static void a(byte);,11472,8308,9,574924928,Chat bang
bQ,public static void a(byte);,11488,8317,21,574924928,Nhập tên bang cần tạo
bQ,public static void a(byte);,11504,8338,19,574924928,Nhập khẩu hiệu bang
bQ,public static void a(byte);,11520,8357,25,574924928,Bạn có muốn xin vào bang 
bQ,public static void a(byte);,11536,8382,20,574924928,Chọn biểu tượng bang
bQ,public static void a(byte);,11552,8402,12,574924928,"Xin vào
bang"
bQ,public static void a(byte);,11568,8414,14,574924928,"Xem thành
viên"
bQ,public static void a(byte);,11584,8428,14,574924928,"Phong
phó bang"
bQ,public static void a(byte);,11600,8442,14,574924928,"Phong
chủ bang"
bQ,public static void a(byte);,11616,8456,8,574924928,Cắt chức
bQ,public static void a(byte);,11632,8464,15,574924928,Loại thành viên
bQ,public static void a(byte);,11648,8479,21,574924928,Bạn hãy nhập tên bang
bQ,public static void a(byte);,11664,8500,27,574924928,Bạn hãy nhập khẩu hiệu bang
bQ,public static void a(byte);,11680,8527,19,574924928,Không tìm thấy bang
bQ,public static void a(byte);,11695,8546,5,574924928,trước
bQ,public static void a(byte);,11711,8551,13,574924928,Đang tìm bang
bQ,public static void a(byte);,11727,8564,9,574924928,Giao dịch
bQ,public static void a(byte);,11743,8573,20,574924928, chưa khóa giao dịch
bQ,public static void a(byte);,11759,8593,19,574924928,Chưa khóa giao dịch
bQ,public static void a(byte);,11775,8612,18,574924928, đã khóa giao dịch
bQ,public static void a(byte);,11791,8630,17,574924928,Đã khóa giao dịch
bQ,public static void a(byte);,11807,8647,14,574924928,Khóa giao dịch
bQ,public static void a(byte);,11823,8661,16,574924928,Chờ đối thủ khóa
bQ,public static void a(byte);,11839,8677,15,574924928,Nhất nút 'Xong'
bQ,public static void a(byte);,11854,8692,4,574924928,Xong
bQ,public static void a(byte);,11870,8696,10,574924928,Đối phương
bQ,public static void a(byte);,11885,8706,3,574924928,Bạn
bQ,public static void a(byte);,11900,8709,4,574924928,Khóa
bQ,public static void a(byte);,11916,8713,17,574924928,Số tiền giao dịch
bQ,public static void a(byte);,11932,8730,6,574924928,Lấy ra
bQ,public static void a(byte);,11947,8736,5,574924928,Bỏ ra
bQ,public static void a(byte);,11963,8741,9,574924928,Cho đệ tử
bQ,public static void a(byte);,11978,8750,3,574924928,Bán
bQ,public static void a(byte);,11994,8753,27,574924928,Nhập số tiền muốn giao dịch
bQ,public static void a(byte);,12010,8780,12,574924928,Nhập số tiền
bQ,public static void a(byte);,12026,8792,35,574924928,"Nhập sai số tiền, vui lòng nhập lại"
bQ,public static void a(byte);,12042,8827,36,574924928,"Bạn không đủ tiền, vui lòng nhập lại"
bQ,public static void a(byte);,12058,8863,28,574924928,Nhập số lượng muốn giao dịch
bQ,public static void a(byte);,12074,8891,13,574924928,Nhập số lượng
bQ,public static void a(byte);,12090,8904,36,574924928,"Nhập sai số lượng, vui lòng nhập lại"
bQ,public static void a(byte);,12106,8940,18,574924928,Đã có vật phẩm này
bQ,public static void a(byte);,12122,8958,56,574924928,Vui lòng mở khóa trước khi sử dụng vật phẩm để giao dịch
bQ,public static void a(byte);,12137,9014,3,574924928,gốc
bQ,public static void a(byte);,12152,9017,3,574924928,cần
bQ,public static void a(byte);,12167,9020,2,574924928,Đủ
bQ,public static void a(byte);,12183,9022,8,574924928,Miễn phí
bQ,public static void a(byte);,12199,9030,13,574924928,Chọn vật phẩm
bQ,public static void a(byte);,12215,9043,6,574924928,Bất kì
bQ,public static void a(byte);,12231,9049,9,574924928,Xin chào!
bQ,public static void a(byte);,12247,9058,16,574924928,Cậu muốn mua gì?
bQ,public static void a(byte);,12263,9074,16,574924928,Con muốn học gì?
bQ,public static void a(byte);,12279,9090,58,574924928,Bạn có chắc muốn giao dịch với những vật phẩm trên không ?
bQ,public static void a(byte);,12295,9148,7,574924928,Học với
bQ,public static void a(byte);,12311,9155,8,574924928,Mua bằng
bQ,public static void a(byte);,12327,9163,37,574924928,Không thể thực hiện khi đang kiệt sức
bQ,public static void a(byte);,12343,9200,18,574924928,"Sử dụng
để
kết hợp"
bQ,public static void a(byte);,12359,9218,20,574924928,"Sử dụng
để
giao dịch"
bQ,public static void a(byte);,12375,9238,39,574924928,Bạn không đủ ngọc để chat kênh thế giới
bQ,public static void a(byte);,12391,9277,27,574924928,Chat kênh thế giới (5 ngọc)
bQ,public static void a(byte);,12407,9304,46,574924928," muốn giao dịch với bạn, bạn có đồng ý không ?"
bQ,public static void a(byte);,12423,9350,17,574924928,Bạn vừa nâng cấp 
bQ,public static void a(byte);,12439,9367,10,574924928, sang cấp 
bQ,public static void a(byte);,12455,9377,27,574924928,tiềm năng đến Sư phụ để học
bQ,public static void a(byte);,12471,9404,14,574924928,Điểm tiềm năng
bQ,public static void a(byte);,12487,9418,15,574924928,Điểm thành tích
bQ,public static void a(byte);,12502,9433,4,574924928,tăng
bQ,public static void a(byte);,12517,9437,4,574924928,Tăng
bQ,public static void a(byte);,12533,9441,11,574924928,Bạn chỉ có 
bQ,public static void a(byte);,12549,9452,45,574924928, điểm tiềm năng. Hãy luyện tập thêm để có đủ 
bQ,public static void a(byte);,12565,9497,17,574924928,Bạn có muốn dùng 
bQ,public static void a(byte);,12581,9514,23,574924928, tiềm năng để tăng vào 
bQ,public static void a(byte);,12597,9537,10,574924928, HP không?
bQ,public static void a(byte);,12613,9547,10,574924928, KI không?
bQ,public static void a(byte);,12629,9557,16,574924928, sức đánh không?
bQ,public static void a(byte);,12645,9573,16,574924928, chí mạng không?
bQ,public static void a(byte);,12661,9589,7,574924928,Khi có 
bQ,public static void a(byte);,12677,9596,42,574924928," tiềm năng, bạn sẽ được nâng cấp miễn phí "
bQ,public static void a(byte);,12693,9638,53,574924928,. Ngoài ra bạn có thể mua Bí Kíp từ Urôn để học nhanh
bQ,public static void a(byte);,12709,9691,7,574924928,ST Crit
bQ,public static void a(byte);,12725,9698,7,574924928,Giảm ST
bQ,public static void a(byte);,12740,9705,2,574924928,HP
bQ,public static void a(byte);,12755,9707,2,574924928,KI
bQ,public static void a(byte);,12771,9709,8,574924928,Sức đánh
bQ,public static void a(byte);,12786,9717,4,574924928,Giáp
bQ,public static void a(byte);,12802,9721,7,574924928,Thể lực
bQ,public static void a(byte);,12817,9728,4,574924928,Crit
bQ,public static void a(byte);,12833,9732,6,574924928,Cấp độ
bQ,public static void a(byte);,12849,9738,13,574924928,KI tiêu hao: 
bQ,public static void a(byte);,12865,9751,9,574924928,Hồi chiêu
bQ,public static void a(byte);,12881,9760,17,574924928,Đã đạt cấp tối đa
bQ,public static void a(byte);,12897,9777,11,574924928,Cấp kế cần 
bQ,public static void a(byte);,12913,9788,9,574924928,tiềm năng
bQ,public static void a(byte);,12929,9797,8,574924928,Chưa học
bQ,public static void a(byte);,12945,9805,11,574924928,Để học cần 
bQ,public static void a(byte);,12960,9816,3,574924928,Học
bQ,public static void a(byte);,12976,9819,17,574924928,để tăng 20 HP gốc
bQ,public static void a(byte);,12992,9836,17,574924928,để tăng 20 MP gốc
bQ,public static void a(byte);,13008,9853,22,574924928,để tăng 1 sức mạnh gốc
bQ,public static void a(byte);,13051,9875,5,574924928,Gohan
bQ,public static void a(byte);,13071,9880,7,574924928,Krillin
bQ,public static void a(byte);,13091,9887,6,574924928,Yamcha
bQ,public static void a(byte);,13126,9893,7,574924928,Ốc tiêu
bQ,public static void a(byte);,13146,9900,7,574924928,Pocollo
bQ,public static void a(byte);,13165,9907,4,574924928,Kami
bQ,public static void a(byte);,13199,9911,5,574924928,Cađic
bQ,public static void a(byte);,13218,9916,5,574924928,Rađic
bQ,public static void a(byte);,13238,9921,7,574924928,Kakalot
bQ,public static void a(byte);,13295,9928,5,574924928,Hango
bQ,public static void a(byte);,13315,9933,6,574924928,Linkhi
bQ,public static void a(byte);,13335,9939,6,574924928,Chayam
bQ,public static void a(byte);,13369,9945,5,574924928,Deden
bQ,public static void a(byte);,13389,9950,6,574924928,Cololo
bQ,public static void a(byte);,13408,9956,4,574924928,Mika
bQ,public static void a(byte);,13443,9960,6,574924928,Tageve
bQ,public static void a(byte);,13462,9966,5,574924928,Ditra
bQ,public static void a(byte);,13482,9971,7,574924928,Rotkaka
bQ,public static void a(byte);,13500,9978,17,574924928,Địa điểm nhiệm vụ
bQ,public static void a(byte);,13516,9995,17,574924928,Không có nhiệm vụ
bQ,public static void a(byte);,13532,10012,19,574924928,"Hoàn thành, thưởng "
bQ,public static void a(byte);,13548,10031,19,574924928,Nhiệm vụ thành tích
bQ,public static void a(byte);,13564,5377,8,574924928,Trang bị
bQ,public static void a(byte);,13580,10050,15,574924928,Bạn muốn làm gì
bQ,public static void a(byte);,13596,10065,17,574924928,Chọn nơi muốn đến
bQ,public static void a(byte);,13611,7093,4,574924928,Chọn
bQ,public static void a(byte);,13626,7093,4,574924928,Chọn
bQ,public static void a(byte);,13642,10082,24,574924928,Chọn để ẩn chat thế giới
bQ,public static void a(byte);,13658,10106,26,574924928,Chọn để hiện chat thế giới
bQ,public static void a(byte);,13674,10132,8,574924928,Chơi mới
bQ,public static void a(byte);,13690,10140,7,574924928,Chơi TK
bQ,public static void a(byte);,13706,10147,12,574924928,Chưa đăng ký
bQ,public static void a(byte);,13722,10159,25,574924928,tiềm năng đến Whis để học
bQ,public static void a(byte);,13739,10184,24,574924928,http://world.teamobi.com
bQ,public static void a(byte);,13760,10208,21,574924928,/mainImage/logo1E.png
bQ,public static void a(byte);,13779,10229,41,574924928,Go to Whis (Beerus Planet) to learn skill
bQ,public static void a(byte);,13795,10270,75,574924928,"When reach maximum proficiency, go to Whis (Beerus Planet) to upgrade skill"
bQ,public static void a(byte);,13811,10345,11,574924928,Proficiency
bQ,public static void a(byte);,13827,10356,14,574924928,Delete account
bQ,public static void a(byte);,13843,10370,53,574924928,You bought many gems today. Let's try again tomorrow!
bQ,public static void a(byte);,13859,10423,90,574924928,"When selling successfully, you will receive Ruby non Gem. Do you want to continue consign?"
bQ,public static void a(byte);,13874,10513,5,574924928,Equip
bR,public final void gC();,194,17903,2,574924928,: 
bR,public final void co();,197,17903,2,574924928,: 
bR,public void dT();,39,17905,13,574924928,load Screen= 
bR,public void dT();,73,17918,9,574924928, select= 
bR,public final void h(nro.bF);,105,17927,7,574924928,v2.5.0(
bR,public final void h(nro.bF);,138,1406,1,574924928,)
bR,public final void h(nro.bF);,241,17934,11,574924928, disconnect
bR,public final void h(nro.bF);,301,17945,10,574924928, connected
bR,public final void h(nro.bF);,664,17955,1,574924928,%
bR,public void dR();,511,17903,2,574924928,: 
bR,public void dR();,684,17956,3,574924928,...
bR,public static {};,14,17959,593,574924928,"Vũ trụ 1:dragon1.teamobi.com:14445:0:0:0,Vũ trụ 2:dragon2.teamobi.com:14445:0:0:0,Vũ trụ 3:dragon3.teamobi.com:14445:0:0:0,Vũ trụ 4:dragon4.teamobi.com:14445:0:0:0,Vũ trụ 5:dragon5.teamobi.com:14445:0:0:0,Vũ trụ 6:dragon6.teamobi.com:14445:0:0:0,Vũ trụ 7:dragon7.teamobi.com:14445:0:0:0,Vũ trụ 8:dragon10.teamobi.com:14446:0:0:0,Vũ trụ 9:dragon10.teamobi.com:14447:0:0:0,Vũ trụ 10:dragon10.teamobi.com:14445:0:0:0,Vũ trụ 11:dragon11.teamobi.com:14445:0:0:0,Võ đài liên vũ trụ:dragonwar.teamobi.com:20000:0:0:0,Universe 1:dragon.indonaga.com:14445:1:0:0,Naga:dragon.indonaga.com:14446:2:0:0,0,0"
bR,public static {};,31,18552,486,574924928,"Vũ trụ 1:112.213.94.23:14445:0:0:0,Vũ trụ 2:210.211.109.199:14445:0:0:0,Vũ trụ 3:112.213.85.88:14445:0:0:0,Vũ trụ 4:27.0.12.164:14445:0:0:0,Vũ trụ 5:27.0.12.16:14445:0:0:0,Vũ trụ 6:27.0.12.173:14445:0:0:0,Vũ trụ 7:112.213.94.223:14445:0:0:0,Vũ trụ 8:27.0.14.66:14446:0:0:0,Vũ trụ 9:27.0.14.66:14447:0:0:0,Vũ trụ 10:27.0.14.66:14445:0:0:0,Vũ trụ 11:112.213.85.35:14445:0:0:0,Võ đài liên vũ trụ:27.0.12.173:20000:0:0:0,Universe 1:52.74.230.22:14445:1:0:0,Naga:52.74.230.22:14446:2:0:0,0,0"
bR,public static {};,47,19038,40,574924928,"Naga:dragon.indonaga.com:14446:2:0:0,2,0"
bR,public static {};,63,19078,33,574924928,"Naga:52.74.230.22:14446:2:0:0,2,0"
bR,public static {};,79,19111,46,574924928,"Universe 1:dragon.indonaga.com:14445:1:0:0,1,0"
bR,public static {};,95,19157,39,574924928,"Universe 1:52.74.230.22:14445:1:0:0,1,0"
bR,public static {};,117,19196,7,574924928,NRlink3
bR,public static {};,158,19203,8,574924928,svselect
bR,public static {};,174,19211,12,574924928,NRlink_extra
bR,public static void gF();,98,2,1,574924928, 
bR,public static void gF();,272,2,1,574924928, 
bR,public static void gF();,441,5,3,574924928,   
bR,public static void gF();,555,3,2,574924928,  
bR,public static void gF();,1231,2,1,574924928, 
bR,"public final void a(int, java.lang.Object);",39,19223,30,574924928,perform trong ServerListScreen
bR,"public final void a(int, java.lang.Object);",586,19253,11,574924928,tao user ao
bR,"public final void a(int, java.lang.Object);",849,19264,10,574924928,lowGraphic
bR,"public final void a(int, java.lang.Object);",925,19274,8,574924928,cau hinh
bR,"public final void a(int, java.lang.Object);",1078,19264,10,574924928,lowGraphic
bR,"public final void a(int, java.lang.Object);",1149,19264,10,574924928,lowGraphic
bR,"public final void a(int, java.lang.Object);",1315,19282,5,574924928,2.5.0
bR,"public final void a(int, java.lang.Object);",1374,19253,11,574924928,tao user ao
bR,public static void j(java.lang.String);,36,672,1,574924928,","
bR,public static void j(java.lang.String);,81,19287,19,574924928,>>> getServerList= 
bR,public static void j(java.lang.String);,290,19306,1,574924928,:
bR,public static void j(java.lang.String);,546,19307,35,574924928,>>> getServerList= serverPriority: 
bR,"public static void a(int, boolean);",56,19342,33,574924928,2>>>saveRMSInt:  RMS_svselect == 
bR,public nro.bR();,27,19375,21,574924928,com.sonyericsson.imei
bR,public nro.bR();,145,19396,11,574924928,Gọi hotline
bR,public static void ef();,211,19282,5,574924928,2.5.0
bT,"public synchronized void insertElementAt(java.lang.Object, int);",60,19407,44,574924928,||||||||||||||||||||||||||||||||||||||||||||
bT,"public synchronized void insertElementAt(java.lang.Object, int);",93,19451,6,574924928, num= 
bT,public synchronized void addElement(java.lang.Object);,60,19407,44,574924928,||||||||||||||||||||||||||||||||||||||||||||
bT,public synchronized void addElement(java.lang.Object);,93,19451,6,574924928, num= 
bU,public static void ct();,101,339,12,574924928,/bg/fog1.png
bU,public static void ct();,169,351,12,574924928,/bg/fog0.png
bU,public static void gH();,121,2,1,574924928, 
bU,public static void gH();,187,3,2,574924928,  
bU,public static void gH();,227,5,3,574924928,   
bU,public static void gH();,794,5,3,574924928,   
bU,public static void gH();,861,2,1,574924928, 
bU,public nro.bU(int);,281,363,11,574924928,/bg/mua.png
bU,public nro.bU(int);,319,374,12,574924928,/bg/mua1.png
bU,public nro.bU(int);,357,386,12,574924928,/bg/mua2.png
bU,public nro.bU(int);,853,398,13,574924928,/bg/lacay.png
bU,public nro.bU(int);,917,411,14,574924928,/bg/lacay2.png
bU,public nro.bU(int);,981,425,14,574924928,/bg/lacay3.png
bU,public nro.bU(int);,1043,439,14,574924928,/bg/lacay4.png
bU,public nro.bU(int);,1107,453,14,574924928,/bg/lacay5.png
bU,public nro.bU(int);,1171,467,13,574924928,/bg/tuyet.png
bU,public nro.bU(int);,1888,480,11,574924928,/bg/sao.png
bU,public nro.bU(int);,2241,491,12,574924928,/bg/ship.png
bU,public nro.bU(int);,2277,503,13,574924928,/bg/fire1.png
bU,public nro.bU(int);,2315,516,13,574924928,/bg/fire2.png
bU,public nro.bU(int);,2372,529,18,574924928,/bg/cham-tron1.png
bU,public nro.bU(int);,2408,547,18,574924928,/bg/cham-tron2.png
bU,public static {};,17,565,10,574924928,vBG Effect
bU,public static {};,45,575,32,574924928,/mainImage/myTexture2dwater1.png
bU,public static {};,64,607,32,574924928,/mainImage/myTexture2dwater2.png
bW,public static void ad();,32,19615,60,574924928,Pergi ke Whis (Beerus Planet) untuk mempelajari keterampilan
bW,public static void ad();,60,19675,100,574924928,"Saat mencapai kemahiran maksimum, pergi ke Whis (Beerus Planet) untuk meningkatkan keterampilan Anda"
bW,public static void ad();,87,19775,9,574924928,Kecakapan
bW,public static void ad();,115,10356,14,574924928,Delete account
bW,public static void ad();,144,19784,64,574924928,Anda membeli banyak permata hari ini. Mari kita coba lagi besok!
bW,public static void ad();,173,19848,103,574924928,"Saat menjual dengan sukses, Anda akan menerima Ruby non Gem. Apakah Anda ingin melanjutkan menyerahkan?"
bW,public static void ad();,202,19951,9,574924928,Mengalati
bW,public static void ad();,231,10518,6,574924928,Unlock
bW,public static void ad();,260,19960,12,574924928,Buku koleksi
bW,public static void ad();,289,19972,10,574924928,Uang tidak
bW,public static void ad();,318,19982,25,574924928,Fungsi dalam maintenance.
bW,public static void ad();,347,20007,32,574924928,Yakin ingin memilih barang ini ?
bW,public static void ad();,376,20039,7,574924928,Tingkat
bW,public static void ad();,405,20046,11,574924928,bergeser ke
bW,public static void ad();,434,20057,25,574924928,Hasil angka keberuntungan
bW,public static void ad();,463,20082,24,574924928,Siapa yang harus dipilih
bW,public static void ad();,492,20106,13,574924928,Pemberitahuan
bW,public static void ad();,521,20119,21,574924928,Auto terlahir kembali
bW,public static void ad();,550,20140,11,574924928,Auto fungsi
bW,public static void ad();,578,20151,167,574924928,"Apakah kamu yakin fusion selamanya dengan muridmu? Kamu akan kehilangan muridmu dan perlengkapan semua murid, dan semua power muridmu kan ditambahkan ke potensial anda"
bW,public static void ad();,607,20318,21,574924928,Fusion selama-lamanya
bW,public static void ad();,636,20339,13,574924928,Fusion dance 
bW,public static void ad();,665,20352,26,574924928,Masukkan informasi lengkap
bW,public static void ad();,693,20378,5,574924928,Terus
bW,public static void ad();,722,20383,6,574924928,Pulang
bW,public static void ad();,751,10925,6,574924928,Status
bW,public static void ad();,780,20389,6,574924928,Serang
bW,public static void ad();,809,20395,8,574924928,Lindungi
bW,public static void ad();,838,20403,4,574924928,Ikut
bW,public static void ad();,867,20407,5,574924928,Murid
bW,public static void ad();,896,20412,33,574924928,"Koneksi gagal, harap coba kembali"
bW,public static void ad();,925,20445,13,574924928,Grafik rendah
bW,public static void ad();,954,20458,13,574924928,Grafik tinggi
bW,public static void ad();,983,20471,21,574924928,Memperbaiki Kesalahan
bW,public static void ad();,1012,11027,8,574924928,Download
bW,public static void ad();,1041,20492,10,574924928,Hapus data
bW,public static void ad();,1067,20502,121,574924928,"Kamu harus manghapus data ketika data game error. Setelah selesai manghapus, kamu harus download data lagi untuk bermain."
bW,public static void ad();,1096,20623,5,574924928,Batal
bW,public static void ad();,1125,20628,30,574924928,Harap download data untuk main
bW,public static void ad();,1154,11189,14,574924928,Abracadabra...
bW,public static void ad();,1183,20658,16,574924928,Selamat sayangku
bW,public static void ad();,1212,20674,35,574924928,Semoga beruntung lain kali sayangku
bW,public static void ad();,1241,20709,45,574924928,Apakah kamu ingin ke masa depan dengan 1 gem?
bW,public static void ad();,1270,20754,17,574924928,Naikkan kecepatan
bW,public static void ad();,1299,11304,6,574924928,Analog
bW,public static void ad();,1326,11304,6,574924928,Analog
bW,public static void ad();,1355,11304,6,574924928,Analog
bW,public static void ad();,1383,20771,16,574924928,Persediaan Sandi
bW,public static void ad();,1412,20787,26,574924928,Masukkan password keamanan
bW,public static void ad();,1441,20813,38,574924928,Password keamanan harus berupa 6 angka
bW,public static void ad();,1469,20851,89,574924928,"Harap masukkan nomor HP atau email, kemudian masukkan password untuk membuat account baru"
bW,public static void ad();,1498,20940,104,574924928,Kamu akan kehilangan account kamu selamanya jika kamu berganti ke account yang lain. Apakah kamu setuju?
bW,public static void ad();,1527,21044,31,574924928,Daftar untuk melindungi account
bW,public static void ad();,1556,21075,74,574924928,Kamu harus menyelesaikan misi mencari Dragon Ball bintang 6 untuk recharge
bW,public static void ad();,1585,21149,25,574924928,Forum and Beli lebih gems
bW,public static void ad();,1614,21174,15,574924928,Beli lebih gems
bW,public static void ad();,1643,21189,27,574924928,Tidak ada item untuk dibeli
bW,public static void ad();,1672,21216,41,574924928,Tekan atas untuk mendapatkan lebih banyak
bW,public static void ad();,1700,21257,42,574924928,Tekan bawah untuk mendapatkan lebih banyak
bW,public static void ad();,1729,21299,7,574924928,Halaman
bW,public static void ad();,1758,21306,7,574924928,Ke atas
bW,public static void ad();,1787,21313,20,574924928,"Serahkan dengan
gold"
bW,public static void ad();,1816,21333,15,574924928,Beri dengan gem
bW,public static void ad();,1845,21348,16,574924928,Beri dengan gold
bW,public static void ad();,1874,21364,19,574924928,"Serahkan dengan
gem"
bW,public static void ad();,1903,21383,17,574924928,"Batal
menyerahkan"
bW,public static void ad();,1932,21400,10,574924928,"Ambil
uang"
bW,public static void ad();,1961,21410,7,574924928,Terjual
bW,public static void ad();,1990,21417,7,574924928,Menjual
bW,public static void ad();,2019,21424,8,574924928,Serahkan
bW,public static void ad();,2048,21432,5,574924928,Swara
bW,public static void ad();,2077,21432,5,574924928,Swara
bW,public static void ad();,2106,21437,15,574924928,Tidak ada musuh
bW,public static void ad();,2135,21452,12,574924928,Pilih server
bW,public static void ad();,2163,21464,9,574924928,Peringkat
bW,public static void ad();,2192,21473,14,574924928, Active point 
bW,public static void ad();,2221,21487,9,574924928,Mendaftar
bW,public static void ad();,2250,21496,39,574924928,"Pesan terkirim, harap tunggu konfirmasi"
bW,public static void ad();,2279,21535,79,574924928,Pesan tidak bisa dikirim. Harap periksa account anda dan mulai kembali game-nya
bW,public static void ad();,2307,21614,16,574924928,"User untuk
murid"
bW,public static void ad();,2336,21630,14,574924928,Pesan terkirim
bW,public static void ad();,2365,21644,24,574924928,Pesan tidak bisa dikirim
bW,public static void ad();,2394,21668,64,574924928,"Selamat, kamu baru saja berhasil mengirim pesan yang diprediksi."
bW,public static void ad();,2423,21732,23,574924928,Pengiriman pesan gagal.
bW,public static void ad();,2452,21755,43,574924928,Password harus sepanjang 6 karakter (huruf)
bW,public static void ad();,2481,21798,42,574924928,Masukkan nomor untuk password pribadi saja
bW,public static void ad();,2510,21840,25,574924928,Masukkan password pribadi
bW,public static void ad();,2538,21865,10,574924928,Pilih akun
bW,public static void ad();,2567,21875,36,574924928,Email atau nomor HP tidak dimasukkan
bW,public static void ad();,2596,21911,25,574924928,Password tidak dimasukkan
bW,public static void ad();,2625,21936,48,574924928,Nama account harus lebih panjang dari 5 karakter
bW,public static void ad();,2652,21984,89,574924928,Nomor HP tidak berlaku. Harap masukkan dengan format berikut: 0912345678 atau 84918765432
bW,public static void ad();,2681,22073,110,574924928,Email tidak berlaku. Harap masukkan seperti format berikut: yournamehere@yahoo.com atau yournamehere@gmail.com
bW,public static void ad();,2710,22183,23,574924928,"Daftarkan account
baru
"
bW,public static void ad();,2739,22206,12,574924928,"Pilih
server"
bW,public static void ad();,2768,22218,10,574924928,"Lupa pass
"
bW,public static void ad();,2797,12626,8,574924928,Password
bW,public static void ad();,2848,22228,29,574924928,Tidak memiliki account? Harap
bW,public static void ad();,2887,22257,19,574924928,memilih menu daftar
bW,public static void ad();,2915,22276,5,574924928,Pesan
bW,public static void ad();,2970,22276,5,574924928,Pesan
bW,public static void ad();,3015,22281,15,574924928,Tidak ada pesan
bW,public static void ad();,3044,22296,57,574924928,Apakah kamu ingin membatalkan fungsi perlindungan account
bW,public static void ad();,3073,22353,89,574924928,"Harap periksa informasi account dengan baik untuk me-recover account. Jika lupa password
"
bW,public static void ad();,3102,22442,8,574924928,Nomor HP
bW,public static void ad();,3129,12854,5,574924928,Email
bW,public static void ad();,3156,12859,3,574924928,Acc
bW,public static void ad();,3185,12862,3,574924928,Pwd
bW,public static void ad();,3214,22450,82,574924928,Untuk me-recover password harap kunjungi website http://ngocrongonline.com/matkhau
bW,public static void ad();,3243,12940,11,574924928,Dragon Ball
bW,public static void ad();,3272,22532,8,574924928,Karakter
bW,public static void ad();,3301,12960,7,574924928,Account
bW,public static void ad();,3328,22540,14,574924928,Server account
bW,public static void ad();,3357,22554,30,574924928,Nama karakter tidak dimasukkan
bW,public static void ad();,3384,22584,28,574924928,Nama karakter terlalu pendek
bW,public static void ad();,3413,22612,44,574924928,Nama karakter tidak bisa lebih dari 15 huruf
bW,public static void ad();,3442,22656,27,574924928,Nama karakter harus diganti
bW,public static void ad();,3469,22683,13,574924928,Nama karakter
bW,public static void ad();,3498,22696,5,574924928,Masuk
bW,public static void ad();,3527,22696,5,574924928,Masuk
bW,public static void ad();,3556,22701,6,574924928,Daftar
bW,public static void ad();,3585,22707,12,574924928,Balas dendam
bW,public static void ad();,3614,22719,6,574924928,Tunggu
bW,public static void ad();,3643,22725,12,574924928,Harap tunggu
bW,public static void ad();,3672,22737,10,574924928,Menyambung
bW,public static void ad();,3701,13181,12,574924928,Downloading 
bW,public static void ad();,3730,22747,32,574924928,Error! Harap ulang kembali game.
bW,public static void ad();,3757,22779,9,574924928,Ubah zona
bW,public static void ad();,3786,22788,10,574924928,Pilih zona
bW,public static void ad();,3815,13242,13,574924928,"Website
forum"
bW,public static void ad();,3844,13255,6,574924928,Server
bW,public static void ad();,3899,13261,9,574924928,Inventory
bW,public static void ad();,3938,22798,5,574924928,Kriya
bW,public static void ad();,3975,13275,9,574924928,Potential
bW,public static void ad();,4014,13284,4,574924928,Info
bW,public static void ad();,4053,22803,12,574924928,Perlengkapan
bW,public static void ad();,4122,22815,7,574924928,Planit:
bW,public static void ad();,4161,22822,7,574924928,Rambut:
bW,public static void ad();,4217,13311,5,574924928,Earth
bW,public static void ad();,4256,13316,8,574924928,Namekian
bW,public static void ad();,4295,13324,6,574924928,Saiyan
bW,public static void ad();,4351,22829,9,574924928,Tantangan
bW,public static void ad();,4390,22838,7,574924928,Praktek
bW,public static void ad();,4429,13381,2,574924928,PK
bW,public static void ad();,4468,22845,12,574924928,Tambah teman
bW,public static void ad();,4507,22857,11,574924928,Undang clan
bW,public static void ad();,4546,13404,7,574924928,Recover
bW,public static void ad();,4584,22868,9,574924928,Informasi
bW,public static void ad();,4623,22877,12,574924928,Chat pribadi
bW,public static void ad();,4661,22889,14,574924928,Undang ke clan
bW,public static void ad();,4700,22903,21,574924928,Blok undangan ke clan
bW,public static void ad();,4782,13468,5,574924928,Quest
bW,public static void ad();,4863,13473,6,574924928,Inven-
bW,public static void ad();,4900,13479,4,574924928,tory
bW,public static void ad();,4966,13270,5,574924928,Skill
bW,public static void ad();,5047,13483,5,574924928,Func-
bW,public static void ad();,5086,13488,4,574924928,tion
bW,public static void ad();,5169,13468,5,574924928,Quest
bW,public static void ad();,5250,13473,6,574924928,Inven-
bW,public static void ad();,5289,13479,4,574924928,tory
bW,public static void ad();,5353,13270,5,574924928,Skill
bW,public static void ad();,5433,13492,4,574924928,Clan
bW,public static void ad();,5513,13483,5,574924928,Func-
bW,public static void ad();,5552,13488,4,574924928,tion
bW,public static void ad();,5635,13496,4,574924928,Dis-
bW,public static void ad();,5673,13500,5,574924928,ciple
bW,public static void ad();,5735,10925,6,574924928,Status
bW,public static void ad();,5814,13473,6,574924928,Inven-
bW,public static void ad();,5852,13479,4,574924928,tory
bW,public static void ad();,5935,13496,4,574924928,Dis-
bW,public static void ad();,5974,13500,5,574924928,ciple
bW,public static void ad();,6040,10925,6,574924928,Status
bW,public static void ad();,6112,22924,8,574924928,"Tambah
Q"
bW,public static void ad();,6149,22932,8,574924928,"Tambah
W"
bW,public static void ad();,6188,22940,8,574924928,"Tambah
E"
bW,public static void ad();,6227,22948,8,574924928,"Tambah
R"
bW,public static void ad();,6265,22956,8,574924928,"Tambah
T"
bW,public static void ad();,6396,22964,8,574924928,"Tambah
7"
bW,public static void ad();,6435,22972,8,574924928,"Tambah
8"
bW,public static void ad();,6474,22980,8,574924928,"Tambah
9"
bW,public static void ad();,6513,22988,8,574924928,"Tambah
1"
bW,public static void ad();,6550,22996,8,574924928,"Tambah
3"
bW,public static void ad();,6655,23004,38,574924928,Teknik seranganmu tidak menambah point
bW,public static void ad();,6684,23042,53,574924928,Senzu Bean habis. Datang kembali untuk mengambil lagi
bW,public static void ad();,6713,23095,24,574924928,Kamu sudah di daerah ini
bW,public static void ad();,6768,23119,9,574924928,Fenemukan
bW,public static void ad();,6807,23128,2,574924928,di
bW,public static void ad();,6846,23130,21,574924928,untuk menerima quest.
bW,public static void ad();,6885,23151,49,574924928,Kamu telah menyelesaikan semua quest di versi ini
bW,public static void ad();,6924,23200,38,574924928,harap menunggu versi yang akan datang.
bW,public static void ad();,6980,23238,11,574924928,Darah habis
bW,public static void ad();,7017,22719,6,574924928,Tunggu
bW,public static void ad();,7056,23249,16,574924928,Kembali ke rumah
bW,public static void ad();,7095,23265,23,574924928,"Revive sekarang
(1 gem)"
bW,public static void ad();,7149,23288,4,574924928,Peta
bW,public static void ad();,7188,23292,11,574924928,"Penca
-rian"
bW,public static void ad();,7227,13492,4,574924928,Clan
bW,public static void ad();,7281,23303,23,574924928,Minta dari teman clanmu
bW,public static void ad();,7318,23326,56,574924928,Semua skill bisa dipelajari dengan gratis di Kame-Sennin
bW,public static void ad();,7357,23382,46,574924928,Jika kamu mempunya potential points yang cukup
bW,public static void ad();,7396,23428,60,574924928,Kamu tidak bisa terbang atau menggunakan skill jika KI habis
bW,public static void ad();,7435,23488,97,574924928,Serang monster dengan teman clan akan mendapatkan potential points lebih daripada latihan sendiri
bW,public static void ad();,7474,23585,104,574924928,Berlatih bersama teman di zona yang tepat akan memberi potential points lebih daripada menyerang monster
bW,public static void ad();,7513,23689,14,574924928,Saat diupgrade
bW,public static void ad();,7552,23703,46,574924928,Senzu bean akan mengisi lebih banyak HP dan KI
bW,public static void ad();,7591,23749,47,574924928,Log in setiap hari untuk mendapatkan Gem gratis
bW,public static void ad();,7630,23796,94,574924928,Paha ayam akan mengisi HP dan KI sebanyak 100%. Tomat mengisi 100% KI. Wortel mengisi 100% HP.
bW,public static void ad();,7669,23890,44,574924928,Pohon Senzu Bean akan berbuah secara berkala
bW,public static void ad();,7708,23934,21,574924928,meskipun kamu offline
bW,public static void ad();,7747,23955,35,574924928,Jika kamu tidak log in dalam 3 hari
bW,public static void ad();,7785,23990,39,574924928,powermu akan menurun karena kemalasanmu
bW,public static void ad();,7824,24029,48,574924928,Kekuatanmu akan berkurang saat menyerang monster
bW,public static void ad();,7863,24077,38,574924928,tapi akan bertambah jika kamu berhenti
bW,public static void ad();,7902,24115,28,574924928,Kehabisan Gem? Cari NPC Bora
bW,public static void ad();,7932,24143,72,574924928,"Setelah bergabung di kelas, kamu akan menerima quest dari Kepala Sekolah"
bW,public static void ad();,7961,24215,10,574924928,Nomor seri
bW,public static void ad();,7990,24225,10,574924928,Kode kartu
bW,public static void ad();,8019,24235,28,574924928,"Pay Vina, Mobi, Viettel, VTC"
bW,public static void ad();,8047,24263,11,574924928,Kartu bayar
bW,public static void ad();,8076,24274,25,574924928,Harap masukkan nomor seri
bW,public static void ad();,8105,24299,25,574924928,Harap masukkan kode kartu
bW,public static void ad();,8134,14895,3,574924928,bil
bW,public static void ad();,8162,14898,3,574924928,mil
bW,public static void ad();,8191,7056,4,574924928,Menu
bW,public static void ad();,8220,24324,5,574924928,Tutup
bW,public static void ad();,8247,14906,5,574924928,Clear
bW,public static void ad();,8276,24329,6,574924928,Lanjut
bW,public static void ad();,8305,24335,5,574924928,Pakai
bW,public static void ad();,8334,24340,2,574924928,Ya
bW,public static void ad();,8363,24342,5,574924928,Tidak
bW,public static void ad();,8390,24347,6,574924928,Keluar
bW,public static void ad();,8417,7078,4,574924928,Chat
bW,public static void ad();,8446,7082,2,574924928,OK
bW,public static void ad();,8475,24353,5,574924928,Ingat
bW,public static void ad();,8504,24358,6,574924928,Terima
bW,public static void ad();,8533,20623,5,574924928,Batal
bW,public static void ad();,8562,24364,5,574924928,Pilih
bW,public static void ad();,8591,14943,5,574924928,Enter
bW,public static void ad();,8619,24369,9,574924928,Buka link
bW,public static void ad();,8648,24378,13,574924928,Karakter baru
bW,public static void ad();,8677,24391,7,574924928,Kembali
bW,public static void ad();,8706,24398,5,574924928,Bunuh
bW,public static void ad();,8735,24403,10,574924928,Bunuh boss
bW,public static void ad();,8764,14987,4,574924928,gold
bW,public static void ad();,8792,14991,3,574924928,gem
bW,public static void ad();,8821,14994,4,574924928,ruby
bW,public static void ad();,8850,24413,20,574924928,PK Point kamu adalah
bW,public static void ad();,8879,24433,11,574924928,menyerangmu
bW,public static void ad();,8908,24444,14,574924928,Tidak cukup KI
bW,public static void ad();,8937,24458,13,574924928,Kamu menerima
bW,public static void ad();,8966,24471,22,574924928,Kamu telah mempelajari
bW,public static void ad();,8995,24493,5,574924928,Teman
bW,public static void ad();,9024,24498,5,574924928,Musuh
bW,public static void ad();,9053,24503,15,574924928,Tidak ada teman
bW,public static void ad();,9082,15099,10,574924928,World chat
bW,public static void ad();,9111,24518,13,574924928,Ganti bendera
bW,public static void ad();,9140,24531,7,574924928,Pilihan
bW,public static void ad();,9169,24538,30,574924928,Naikkan resolusi (device kuat)
bW,public static void ad();,9198,24568,32,574924928,Turunkan resolusi (device lemah)
bW,public static void ad();,9227,24600,12,574924928,Kabar Server
bW,public static void ad();,9252,24612,11,574924928,Aura khusus
bW,public static void ad();,9281,24623,9,574924928,Aura daya
bW,public static void ad();,9309,24632,11,574924928,Layar kecil
bW,public static void ad();,9338,24643,11,574924928,Layar besar
bW,public static void ad();,9367,24654,52,574924928,Apakah kamu ingin keluar untuk merubah ukuran layar?
bW,public static void ad();,9396,24706,4,574924928,Peti
bW,public static void ad();,9451,24706,4,574924928,Peti
bW,public static void ad();,9522,13473,6,574924928,Inven-
bW,public static void ad();,9560,24710,5,574924928,taris
bW,public static void ad();,9616,24715,7,574924928,mengga-
bW,public static void ad();,9655,24722,7,574924928,bungkan
bW,public static void ad();,9707,23288,4,574924928,Peta
bW,public static void ad();,9778,24729,6,574924928,membe-
bW,public static void ad();,9817,24735,5,574924928,rikan
bW,public static void ad();,9873,24740,5,574924928,mene-
bW,public static void ad();,9912,24745,4,574924928,rima
bW,public static void ad();,9964,24749,4,574924928,Zona
bW,public static void ad();,10005,24749,4,574924928,Zona
bW,public static void ad();,10020,23288,4,574924928,Peta
bW,public static void ad();,10036,24753,11,574924928,Terima item
bW,public static void ad();,10052,24358,6,574924928,Terima
bW,public static void ad();,10068,24764,12,574924928,Terima semua
bW,public static void ad();,10084,24776,47,574924928,Pergi ke titik berkedip di peta untuk pencarian
bW,public static void ad();,10100,24823,17,574924928,"Hanya untuk Bumi
"
bW,public static void ad();,10116,24840,21,574924928,"Hanya untuk Namekian
"
bW,public static void ad();,10132,24861,19,574924928,"Hanya untuk Xaiyan
"
bW,public static void ad();,10148,24880,16,574924928,Power dibutuhkan
bW,public static void ad();,10164,24896,10,574924928,Power kamu
bW,public static void ad();,10180,24906,7,574924928,Dipakai
bW,public static void ad();,10196,24913,6,574924928,tempat
bW,public static void ad();,10212,15481,7,574924928,Upgrade
bW,public static void ad();,10228,24919,18,574924928,Sedang mengupgrade
bW,public static void ad();,10244,24937,19,574924928,"Tambahkan
Short cut"
bW,public static void ad();,10260,24956,9,574924928,"di
tempat"
bW,public static void ad();,10276,24965,17,574924928,Pindahkan ke peti
bW,public static void ad();,10292,24965,17,574924928,Pindahkan ke peti
bW,public static void ad();,10307,7078,4,574924928,Chat
bW,public static void ad();,10323,24982,7,574924928,Meleset
bW,public static void ad();,10339,24989,7,574924928,Sumbang
bW,public static void ad();,10355,24358,6,574924928,Terima
bW,public static void ad();,10371,24996,14,574924928,Tekan dua kali
bW,public static void ad();,10387,25010,12,574924928,Bisa memanen
bW,public static void ad();,10403,25022,22,574924928,Tekan Y untuk terima (
bW,public static void ad();,10419,25044,22,574924928,Tekan # untuk terima (
bW,public static void ad();,10435,25066,17,574924928,Harap ulangi game
bW,public static void ad();,10451,15637,6,574924928,Online
bW,public static void ad();,10467,15643,7,574924928,Offline
bW,public static void ad();,10483,25083,8,574924928,Berteman
bW,public static void ad();,10499,25091,18,574924928,Chat dengan pemain
bW,public static void ad();,10515,25109,11,574924928,Chat dengan
bW,public static void ad();,10531,15670,14,574924928,Capsule Donate
bW,public static void ad();,10547,15684,16,574924928,Personal Capsule
bW,public static void ad();,10563,15700,14,574924928,Clan's Capsule
bW,public static void ad();,10579,25120,12,574924928,Berikan bean
bW,public static void ad();,10595,25132,11,574924928,Terima bean
bW,public static void ad();,10611,25143,10,574924928,Minta bean
bW,public static void ad();,10626,25153,5,574924928,waktu
bW,public static void ad();,10642,25158,8,574924928,Diterima
bW,public static void ad();,10657,15760,5,574924928,Power
bW,public static void ad();,10673,25166,17,574924928,Tanggal bergabung
bW,public static void ad();,10689,25183,13,574924928,Pemimpin Clan
bW,public static void ad();,10705,25196,19,574924928,Wakil pemimpin clan
bW,public static void ad();,10721,15798,12,574924928,Power points
bW,public static void ad();,10737,25215,7,574924928,Anggota
bW,public static void ad();,10767,25215,7,574924928,Anggota
bW,public static void ad();,10806,7078,4,574924928,Chat
bW,public static void ad();,10825,15816,4,574924928,clan
bW,public static void ad();,10856,25222,6,574924928,Menin-
bW,public static void ad();,10876,25228,7,574924928,ggalkan
bW,public static void ad();,10906,25235,5,574924928,Memb-
bW,public static void ad();,10925,25240,3,574924928,uat
bW,public static void ad();,10955,25243,5,574924928,Mene-
bW,public static void ad();,10974,25248,5,574924928,mukan
bW,public static void ad();,11005,15835,6,574924928,Slogan
bW,public static void ad();,11035,15841,4,574924928,Icon
bW,public static void ad();,11066,25253,10,574924928,Permintaan
bW,public static void ad();,11086,25263,6,574924928,kacang
bW,public static void ad();,11102,15856,5,574924928,Level
bW,public static void ad();,11118,25269,16,574924928,Ulang tahun clan
bW,public static void ad();,11134,25285,11,574924928,Daftar clan
bW,public static void ad();,11150,25296,27,574924928,Tidak bergabung dengan clan
bW,public static void ad();,11180,25323,20,574924928,Kamulah satu-satunya
bW,public static void ad();,11200,25343,16,574924928,anggota klan ini
bW,public static void ad();,11220,25359,38,574924928,Seseorang bisa meminta untuk bergabung
bW,public static void ad();,11240,25397,29,574924928,Kamu bisa memilih pemain lain
bW,public static void ad();,11260,25426,31,574924928,untuk mengundang mereka ke clan
bW,public static void ad();,11277,25457,18,574924928,Masukkan nama clan
bW,public static void ad();,11293,25475,9,574924928,Nama clan
bW,public static void ad();,11309,25484,9,574924928,Chat clan
bW,public static void ad();,11325,25493,39,574924928,Masukkan nama clan yang ingin kamu buat
bW,public static void ad();,11341,25532,20,574924928,Masukkan slogan clan
bW,public static void ad();,11357,25552,40,574924928,Apakah kamu ingin bergabung dengan clan?
bW,public static void ad();,11373,25592,15,574924928,Pilih icon clan
bW,public static void ad();,11389,25607,28,574924928,Permintaan bergabung ke clan
bW,public static void ad();,11405,25635,18,574924928,Lihat anggota clan
bW,public static void ad();,11421,25653,26,574924928,"Memerintah wakil pemimpin
"
bW,public static void ad();,11437,25679,20,574924928,"Memerintah pemimpin
"
bW,public static void ad();,11453,25699,8,574924928,Bubarkan
bW,public static void ad();,11469,25707,17,574924928,Keluarkan anggota
bW,public static void ad();,11485,25724,24,574924928,Harap masukkan nama clan
bW,public static void ad();,11501,25748,26,574924928,Harap masukkan slogan clan
bW,public static void ad();,11517,25774,25,574924928,Tidak bisa menemukan clan
bW,public static void ad();,11532,25799,4,574924928,lalu
bW,public static void ad();,11548,25803,12,574924928,Mencari clan
bW,public static void ad();,11564,25815,8,574924928,Bertukar
bW,public static void ad();,11580,25823,24,574924928,Tidak mengunci transaksi
bW,public static void ad();,11596,25847,24,574924928,Transaksi tidak terkunci
bW,public static void ad();,11612,25871,18,574924928,Transaksi terkunci
bW,public static void ad();,11628,25889,17,574924928,Transaksi dikunci
bW,public static void ad();,11644,25906,15,574924928,Kunci transaksi
bW,public static void ad();,11660,25921,33,574924928,Menunggu lawan mengunci transaksi
bW,public static void ad();,11676,25954,15,574924928,Tekan 'Selesai'
bW,public static void ad();,11692,25969,7,574924928,Selesai
bW,public static void ad();,11707,25976,5,574924928,Lawan
bW,public static void ad();,11722,25981,4,574924928,Kamu
bW,public static void ad();,11737,25985,5,574924928,Kunci
bW,public static void ad();,11753,25990,16,574924928,Jumlah Transaksi
bW,public static void ad();,11769,24347,6,574924928,Keluar
bW,public static void ad();,11785,26006,10,574924928,Tinggalkan
bW,public static void ad();,11800,26016,4,574924928,Jual
bW,public static void ad();,11816,26020,32,574924928,Masukkan uang untuk bertransaksi
bW,public static void ad();,11832,26052,13,574924928,Masukkan uang
bW,public static void ad();,11848,26065,33,574924928,"Jumlah salah, harap ulang kembali"
bW,public static void ad();,11864,26098,37,574924928,"Uang tidak cukup, harap ulang kembali"
bW,public static void ad();,11880,26135,38,574924928,Masukkan jumlah yang hendak ditukarkan
bW,public static void ad();,11896,26173,15,574924928,Masukkan jumlah
bW,public static void ad();,11912,26065,33,574924928,"Jumlah salah, harap ulang kembali"
bW,public static void ad();,11928,26188,28,574924928,Kamu telah memiliki item ini
bW,public static void ad();,11944,26216,40,574924928,Harap diunlock sebelum bertukar item ini
bW,public static void ad();,11959,26256,5,574924928,Dasar
bW,public static void ad();,11974,26261,5,574924928,butuh
bW,public static void ad();,11989,26266,5,574924928,Butuh
bW,public static void ad();,12004,26271,5,574924928,Bebas
bW,public static void ad();,12020,26276,10,574924928,Pilih item
bW,public static void ad();,12035,26286,4,574924928,Acak
bW,public static void ad();,12050,26290,5,574924928,Halo!
bW,public static void ad();,12066,26295,25,574924928,Apa yang ingin kamu beli?
bW,public static void ad();,12082,26320,29,574924928,Apa yang ingin kamu pelajari?
bW,public static void ad();,12098,26349,49,574924928,Apakah kamu yakin ingin bertukar dengan item ini?
bW,public static void ad();,12114,26398,14,574924928,Belajar dengan
bW,public static void ad();,12130,26412,11,574924928,Beli dengan
bW,public static void ad();,12146,26423,39,574924928,Kamu tidak bisa melakukan ini saat mati
bW,public static void ad();,12162,26462,23,574924928,Gunakan untuk kombinasi
bW,public static void ad();,12178,26485,22,574924928,Gunakan untuk bertukar
bW,public static void ad();,12194,26507,43,574924928,Tidak cukup gem untuk chat di world channel
bW,public static void ad();,12210,26550,29,574924928,Chat di world channel (5 gem)
bW,public static void ad();,12226,26579,35,574924928,"ingin bertukar dengan kamu, terima?"
bW,public static void ad();,12242,26614,26,574924928,Kamu baru saja mengupgrade
bW,public static void ad();,12257,26640,2,574924928,ke
bW,public static void ad();,12273,26642,36,574924928,potential untuk Master untuk belajar
bW,public static void ad();,12289,26678,34,574924928,potential untuk Whis untuk belajar
bW,public static void ad();,12305,17180,16,574924928,Potential points
bW,public static void ad();,12321,26712,19,574924928, Achievement point 
bW,public static void ad();,12337,26731,9,574924928,bertambah
bW,public static void ad();,12353,26740,9,574924928,Bertambah
bW,public static void ad();,12369,26749,19,574924928,Kamu hanya memiliki
bW,public static void ad();,12385,26768,57,574924928,potential points. Mari latihan lagi untuk mendapatkannya.
bW,public static void ad();,12401,26825,29,574924928,Apakah kamu ingin menggunakan
bW,public static void ad();,12417,26854,31,574924928,potential pts untuk ditambahkan
bW,public static void ad();,12433,26885,9,574924928,untuk HP?
bW,public static void ad();,12449,26894,9,574924928,untuk KI?
bW,public static void ad();,12465,26903,15,574924928,untuk serangan?
bW,public static void ad();,12481,26918,15,574924928,untuk critical?
bW,public static void ad();,12497,26933,15,574924928,Saat kamu punya
bW,public static void ad();,12513,26948,54,574924928,"potential points, kamu bisa meng-upgrade dengan gratis"
bW,public static void ad();,12529,27002,72,574924928,Disamping itu kamu bisa membeli resep di Uron untuk belajar dengan cepat
bW,public static void ad();,12545,17453,9,574924928,Crit Dame
bW,public static void ad();,12561,17462,7,574924928,Re.Dame
bW,public static void ad();,12576,9705,2,574924928,HP
bW,public static void ad();,12591,9707,2,574924928,KI
bW,public static void ad();,12607,20389,6,574924928,Serang
bW,public static void ad();,12622,17469,5,574924928,Armor
bW,public static void ad();,12638,17474,8,574924928,Vitality
bW,public static void ad();,12653,9728,4,574924928,Crit
bW,public static void ad();,12668,15856,5,574924928,Level
bW,public static void ad();,12684,27074,13,574924928,Pemakaian KI:
bW,public static void ad();,12700,27087,6,574924928,Tenang
bW,public static void ad();,12716,27093,23,574924928,Level maksimum tercapai
bW,public static void ad();,12732,27116,24,574924928,Level berikut dibutuhkan
bW,public static void ad();,12748,17543,9,574924928,potential
bW,public static void ad();,12764,27140,16,574924928,Belum dipelajari
bW,public static void ad();,12779,26266,5,574924928,Butuh
bW,public static void ad();,12795,27156,7,574924928,Belajar
bW,public static void ad();,12811,27163,23,574924928,untuk mendapatkan 20 HP
bW,public static void ad();,12827,27186,23,574924928,untuk mendapatkan 20 MP
bW,public static void ad();,12843,27209,31,574924928,untuk mendapatkan 1 power point
bW,public static void ad();,12886,9875,5,574924928,Gohan
bW,public static void ad();,12906,9880,7,574924928,Krillin
bW,public static void ad();,12926,9887,6,574924928,Yamcha
bW,public static void ad();,12960,17622,5,574924928,Dende
bW,public static void ad();,12980,17627,7,574924928,Piccolo
bW,public static void ad();,12999,9907,4,574924928,Kami
bW,public static void ad();,13034,17634,6,574924928,Vegeta
bW,public static void ad();,13054,17640,6,574924928,Raditz
bW,public static void ad();,13074,17646,7,574924928,Kakarot
bW,public static void ad();,13092,27240,12,574924928,Tempat quest
bW,public static void ad();,13108,27252,26,574924928,Kamu tidak memiliki quest.
bW,public static void ad();,13124,27278,21,574924928,Hadiah karena selesai
bW,public static void ad();,13140,27299,17,574924928,Quest achievement
bW,public static void ad();,13156,22803,12,574924928,Perlengkapan
bW,public static void ad();,13172,27316,27,574924928,Apa yang ingin kamu lakukan
bW,public static void ad();,13187,24364,5,574924928,Pilih
bW,public static void ad();,13202,24364,5,574924928,Pilih
bW,public static void ad();,13218,27343,14,574924928,Pilih tujuanmu
bW,public static void ad();,13234,27357,36,574924928,OK untuk menonaktifkan Dunia Saluran
bW,public static void ad();,13250,27393,33,574924928,OK untuk menyalakan world channel
bW,public static void ad();,13266,27426,9,574924928,Game baru
bW,public static void ad();,13282,27435,15,574924928,Account bermain
bW,public static void ad();,13298,27450,21,574924928,Tidak mendaftar belum
bW,public static void gK();,54,3,2,574924928,  
bW,public static void gK();,136,2,1,574924928, 
bW,public static void gK();,218,5,3,574924928,   
bW,public static void gK();,623,2,1,574924928, 
bX,public static void gL();,98,5,3,574924928,   
bX,public static void gL();,179,2,1,574924928, 
bX,public static void gL();,293,3,2,574924928,  
bX,public static void gL();,698,5,3,574924928,   
bX,public static void gL();,1492,2,1,574924928, 
bX,public static void gL();,1732,3,2,574924928,  
bX,public static void gL();,1803,5,3,574924928,   
bX,public nro.bX();,292,27471,15,574924928,/mymap/mapTable
bX,public nro.bX();,358,27486,25,574924928,MapTemplate.vCurrItem[a] 
bX,public nro.bX();,555,27511,15,574924928,/mapBackGround/
bX,public nro.bX();,592,27526,4,574924928,.png
bX,public nro.bX();,658,27511,15,574924928,/mapBackGround/
bX,public nro.bX();,695,27526,4,574924928,.png
bX,public nro.bX();,1381,27530,1,574924928,@
bX,public nro.bX();,1445,27530,1,574924928,@
bX,public static void a(byte[]);,57,27531,7,574924928,/mymap/
bY,public final boolean l(int);,152,27538,6,574924928,qwerty
bY,public static void gM();,54,5,3,574924928,   
bY,public static void gM();,79,5,3,574924928,   
bY,public static void gM();,197,5,3,574924928,   
bY,public static void gM();,237,3,2,574924928,  
bY,public static void gM();,302,2,1,574924928, 
bY,public static void gM();,506,2,1,574924928, 
bY,public static void gM();,2383,2,1,574924928, 
bY,public nro.bY();,312,27538,6,574924928,qwerty
bY,public static {};,145,27544,2,574924928, 0
bY,public static {};,165,27546,36,574924928,".,@?!_1""/$-():*+<=>;%&~#%^&*{}[];'/1"
bY,public static {};,185,27582,22,574924928,abc2áàảãạâấầẩẫậăắằẳẵặ2
bY,public static {};,205,27604,17,574924928,def3đéèẻẽẹêếềểễệ3
bY,public static {};,225,27621,10,574924928,ghi4íìỉĩị4
bY,public static {};,245,27631,4,574924928,jkl5
bY,public static {};,266,27635,22,574924928,mno6óòỏõọôốồổỗộơớờởỡợ6
bY,public static {};,286,27657,5,574924928,pqrs7
bY,public static {};,307,27662,16,574924928,tuv8úùủũụưứừửữự8
bY,public static {};,328,27678,11,574924928,wxyz9ýỳỷỹỵ9
bY,public static {};,348,27689,1,574924928,*
bY,public static {};,368,1950,1,574924928,#
bY,public static {};,399,27690,1,574924928,0
bY,public static {};,418,27691,1,574924928,1
bY,public static {};,437,27692,4,574924928,abc2
bY,public static {};,456,27696,4,574924928,def3
bY,public static {};,475,27700,4,574924928,ghi4
bY,public static {};,495,27631,4,574924928,jkl5
bY,public static {};,515,27704,4,574924928,mno6
bY,public static {};,535,27657,5,574924928,pqrs7
bY,public static {};,555,27708,4,574924928,tuv8
bY,public static {};,575,27712,5,574924928,wxyz9
bY,public static {};,595,27690,1,574924928,0
bY,public static {};,615,27690,1,574924928,0
bY,public static {};,645,27717,3,574924928,abc
bY,public static {};,664,27720,3,574924928,Abc
bY,public static {};,683,27723,3,574924928,ABC
bY,public static {};,702,27726,3,574924928,123
bY,public static {};,726,27729,28,574924928,/mainImage/myTexture2der.png
bY,public static {};,745,27757,28,574924928,/mainImage/myTexture2dtf.png
bY,public void cB();,94,27689,1,574924928,*
ba,public static void fh();,104,2,1,574924928, 
ba,public static void fh();,149,2,1,574924928, 
ba,public static void fh();,217,2,1,574924928, 
ba,public static void fh();,299,3,2,574924928,  
ba,public static void fh();,396,5,3,574924928,   
ba,public static void fh();,436,2,1,574924928, 
ba,public static void fh();,598,2,1,574924928, 
bb,public static void fi();,54,2,1,574924928, 
bb,public static void fi();,162,2,1,574924928, 
bb,public static void fi();,203,3,2,574924928,  
bb,public static void fi();,1211,5,3,574924928,   
bb,"public final void a(int, java.lang.Object);",295,45592,6,574924928,userAo
bb,"public final void a(int, java.lang.Object);",379,19282,5,574924928,2.5.0
bb,"public final void a(int, java.lang.Object);",446,2376,25,574924928,http://ngocrongonline.com
bb,"public final void a(int, java.lang.Object);",644,27530,1,574924928,@
bb,"public final void a(int, java.lang.Object);",694,2266,1,574924928,.
bb,"public final void a(int, java.lang.Object);",831,27690,1,574924928,0
bb,"public final void a(int, java.lang.Object);",870,45598,2,574924928,84
bb,"public final void a(int, java.lang.Object);",935,27530,1,574924928,@
bb,"public final void a(int, java.lang.Object);",985,2266,1,574924928,.
bb,"public final void a(int, java.lang.Object);",1096,17903,2,574924928,: 
bb,"public final void a(int, java.lang.Object);",1147,17903,2,574924928,: 
bb,"public final void a(int, java.lang.Object);",1192,30088,1,574924928,"
"
bb,"public final void a(int, java.lang.Object);",1227,17903,2,574924928,: 
bb,"public final void a(int, java.lang.Object);",1345,45600,11,574924928,vMenu Login
bb,"public final void a(int, java.lang.Object);",1494,19264,10,574924928,lowGraphic
bb,"public final void a(int, java.lang.Object);",1758,45611,6,574924928,passAo
bb,"public final void a(int, java.lang.Object);",1796,19282,5,574924928,2.5.0
bb,"public final void a(int, java.lang.Object);",1824,45617,3,574924928,acc
bb,"public final void a(int, java.lang.Object);",1879,19264,10,574924928,lowGraphic
bb,"public final void a(int, java.lang.Object);",1938,19264,10,574924928,lowGraphic
bb,public final void fk();,38,45620,9,574924928,user ao= 
bb,public final void fk();,228,45629,11,574924928,isLogin 2= 
bb,public final void fk();,315,32313,1,574924928,a
bb,public final void fk();,347,45640,7,574924928,user = 
bb,public final void fk();,379,45647,7,574924928, pass= 
bb,public final void fk();,535,19282,5,574924928,2.5.0
bb,public final void fk();,639,45654,4,574924928, [0]
bb,public final void cp();,157,28152,1,574924928,/
bb,public final void cp();,314,28152,1,574924928,/
bb,public final void cp();,912,28152,1,574924928,/
bb,public nro.bb();,597,28152,1,574924928,/
bb,public nro.bb();,893,19396,11,574924928,Gọi hotline
bb,public final void h(nro.bF);,79,45658,6,574924928,v2.5.0
bb,public final void h(nro.bF);,644,19306,1,574924928,:
bb,public final void h(nro.bF);,745,19306,1,574924928,:
bb,public final void h(nro.bF);,846,17903,2,574924928,: 
bd,public static void fm();,54,2,1,574924928, 
bd,public static void fm();,164,2,1,574924928, 
bd,public static void fm();,205,2,1,574924928, 
bd,public static void fm();,312,3,2,574924928,  
be,public static void fn();,141,2,1,574924928, 
be,public static void fn();,184,2,1,574924928, 
be,public static void fn();,224,3,2,574924928,  
bg,public static void fo();,54,2,1,574924928, 
bh,public static void fq();,54,2,1,574924928, 
bh,public static void fq();,181,2,1,574924928, 
bh,public static void fq();,224,2,1,574924928, 
bh,public final void k(nro.bV);,67,45992,10,574924928,SEND MSG: 
bh,public synchronized void o(nro.bV);,41,46002,13,574924928,DO SEND MSG: 
bh,"public final void a(java.lang.String, int);",41,46015,11,574924928,>>connect: 
bh,"public final void a(java.lang.String, int);",73,19306,1,574924928,:
bi,public static void fs();,54,5,3,574924928,   
bi,public static void fs();,89,2,1,574924928, 
bi,public static void fs();,154,2,1,574924928, 
bi,public static void fs();,519,2,1,574924928, 
bi,public static void fs();,614,3,2,574924928,  
bi,public static {};,12,46031,35,574924928,/mainImage/myTexture2dmobCapcha.png
bj,public static void ft();,54,2,1,574924928, 
bj,public static void ft();,162,3,2,574924928,  
bj,public static void ft();,202,5,3,574924928,   
bj,public static void ft();,1267,2,1,574924928, 
bj,public static void ft();,1874,5,3,574924928,   
bj,"public nro.bj(int, short, short, int, long, long);",3078,0,2,574924928,/x
bj,"public nro.bj(int, short, short, int, long, long);",3113,28457,12,574924928,/effectdata/
bj,"public nro.bj(int, short, short, int, long, long);",3156,28469,5,574924928,/data
bj,"public nro.bj(int, short, short, int, long, long);",3200,46066,23,574924928,/effectdata/109/img.png
bj,public static {};,12,33224,24,574924928,/mainImage/shadowBig.png
bj,public static {};,31,30698,31,574924928,/mainImage/myTexture2dmobHP.png
bk,public static {};,13,2049,36,574924928,/mainImage/myTexture2dfutherShip.png
bk,public static {};,32,2085,22,574924928,/mainImage/taungam.png
bk,public static void fu();,197,2,1,574924928, 
bk,public static void fu();,321,2,1,574924928, 
bk,public static void fu();,402,3,2,574924928,  
bk,public static void fu();,565,5,3,574924928,   
bm,public static void fv();,54,2,1,574924928, 
bm,"public nro.bm(int, short, java.lang.String, java.lang.String, int, short);",45,46089,19,574924928,vecInfo chientruong
bn,public final void ad();,421,28152,1,574924928,/
bn,public final void ad();,562,28152,1,574924928,/
bn,public static void fw();,109,2,1,574924928, 
bn,public static void fw();,152,2,1,574924928, 
bn,public static void fw();,385,3,2,574924928,  
bn,public static void fw();,425,5,3,574924928,   
bn,public static void fw();,481,5,3,574924928,   
bn,public static {};,12,46108,32,574924928,/mainImage/myTexture2dhatdau.png
bo,public static void fx();,162,3,2,574924928,  
bo,public static void fx();,244,2,1,574924928, 
bo,public static void fx();,487,2,1,574924928, 
bo,public static void fx();,619,2,1,574924928, 
bo,public static void fx();,745,5,3,574924928,   
bo,public final void co();,55,46140,26,574924928,http://ngocrongonline.com/
bo,public final void co();,101,46166,31,574924928,http://dragonball.indonaga.com/
bo,public final void co();,147,46197,42,574924928,http://world.teamobi.com/games-page-0.html
bp,public static void fy();,141,2,1,574924928, 
bp,public static void fy();,210,2,1,574924928, 
bp,public static void fy();,250,3,2,574924928,  
bp,public static void fy();,400,2,1,574924928, 
bq,"public final void a(int, java.lang.Object);",243,2376,25,574924928,http://ngocrongonline.com
bq,"public final void a(int, java.lang.Object);",433,27530,1,574924928,@
bq,"public final void a(int, java.lang.Object);",481,2266,1,574924928,.
bq,"public final void a(int, java.lang.Object);",614,27690,1,574924928,0
bq,"public final void a(int, java.lang.Object);",652,45598,2,574924928,84
bq,"public final void a(int, java.lang.Object);",717,27530,1,574924928,@
bq,"public final void a(int, java.lang.Object);",767,2266,1,574924928,.
bq,"public final void a(int, java.lang.Object);",878,17903,2,574924928,: 
bq,"public final void a(int, java.lang.Object);",929,17903,2,574924928,: 
bq,"public final void a(int, java.lang.Object);",974,30088,1,574924928,"
"
bq,"public final void a(int, java.lang.Object);",1009,17903,2,574924928,: 
bq,"public final void a(int, java.lang.Object);",1128,45600,11,574924928,vMenu Login
bq,"public final void a(int, java.lang.Object);",1270,19264,10,574924928,lowGraphic
bq,"public final void a(int, java.lang.Object);",1547,46431,30,574924928,Vui lòng điền đầy đủ thông tin
bq,public final void co();,34,46461,10,574924928,Res switch
bq,public nro.bq(byte);,465,46471,13,574924928,Số điện thoại
bq,public nro.bq(byte);,512,46484,11,574924928,01234567890
bq,public nro.bq(byte);,613,46495,9,574924928,Họ và tên
bq,public nro.bq(byte);,660,46504,12,574924928,Nguyễn Văn A
bq,public nro.bq(byte);,779,46516,9,574924928,Ngày sinh
bq,public nro.bq(byte);,826,46525,2,574924928,01
bq,public nro.bq(byte);,926,46527,10,574924928,Tháng sinh
bq,public nro.bq(byte);,973,46525,2,574924928,01
bq,public nro.bq(byte);,1074,46537,8,574924928,Năm sinh
bq,public nro.bq(byte);,1120,46545,4,574924928,1980
bq,public nro.bq(byte);,1221,46549,26,574924928,Địa chỉ đăng ký thường trú
bq,public nro.bq(byte);,1268,46575,30,574924928,"123 đường số 1, Quận 1, TP.HCM"
bq,public nro.bq(byte);,1369,46605,39,574924928,Số Chứng minh nhân dân hoặc số hộ chiếu
bq,public nro.bq(byte);,1416,46644,9,574924928,123456789
bq,public nro.bq(byte);,1517,46653,8,574924928,Ngày cấp
bq,public nro.bq(byte);,1564,46661,10,574924928,01/01/1990
bq,public nro.bq(byte);,1664,46671,7,574924928,Nơi cấp
bq,public nro.bq(byte);,1711,46678,6,574924928,TP.HCM
bq,public nro.bq(byte);,2427,667,5,574924928,Thoát
bq,public final void h(nro.bF);,370,46684,18,574924928,Cập nhật thông tin
bq,public final void h(nro.bF);,473,19282,5,574924928,2.5.0
bq,public static void fz();,54,2,1,574924928, 
bq,public static void fz();,226,2,1,574924928, 
bq,public static void fz();,267,3,2,574924928,  
bq,public static void fz();,1295,5,3,574924928,   
bq,public static void fz();,1377,3,2,574924928,  
br,public static java.lang.String d(long);,88,672,1,574924928,","
br,public static java.lang.String d(long);,217,672,1,574924928,","
br,public static java.lang.String e(long);,109,672,1,574924928,","
br,public static java.lang.String e(long);,174,46702,2,574924928,",0"
br,public static java.lang.String e(long);,323,672,1,574924928,","
br,public static java.lang.String e(long);,388,46702,2,574924928,",0"
br,public static java.lang.String e(long);,471,30836,1,574924928,k
br,public static java.lang.String e(long);,563,672,1,574924928,","
br,public static java.lang.String e(long);,629,46702,2,574924928,",0"
br,public static void h(nro.bF);,42,46704,18,574924928,check Controller= 
br,public static void h(nro.bF);,122,46722,11,574924928,check Map= 
br,public static void fA();,54,2,1,574924928, 
br,public static void fA();,90,2,1,574924928, 
br,public static void fA();,505,5,3,574924928,   
br,public static void fA();,682,3,2,574924928,  
br,public static void fA();,1226,2,1,574924928, 
br,public static java.lang.String c(java.lang.String);,93,9875,5,574924928,Gohan
br,public static java.lang.String c(java.lang.String);,133,9875,5,574924928,Gohan
br,public static java.lang.String c(java.lang.String);,158,9928,5,574924928,Hango
br,public static java.lang.String c(java.lang.String);,189,46733,5,574924928,Gôhan
br,public static java.lang.String c(java.lang.String);,232,46733,5,574924928,Gôhan
br,public static java.lang.String c(java.lang.String);,258,9928,5,574924928,Hango
br,public static java.lang.String c(java.lang.String);,288,46738,5,574924928,Bunma
br,public static java.lang.String c(java.lang.String);,331,46738,5,574924928,Bunma
br,public static java.lang.String c(java.lang.String);,356,46743,5,574924928,Mabun
br,public static java.lang.String c(java.lang.String);,386,46748,6,574924928,Bunman
br,public static java.lang.String c(java.lang.String);,429,46748,6,574924928,Bunman
br,public static java.lang.String c(java.lang.String);,454,46743,5,574924928,Mabun
br,public static java.lang.String c(java.lang.String);,485,46754,6,574924928,Bun ma
br,public static java.lang.String c(java.lang.String);,528,46754,6,574924928,Bun ma
br,public static java.lang.String c(java.lang.String);,554,46743,5,574924928,Mabun
br,public static java.lang.String c(java.lang.String);,584,46760,8,574924928,Đậu thần
br,public static java.lang.String c(java.lang.String);,627,46760,8,574924928,Đậu thần
br,public static java.lang.String c(java.lang.String);,651,46768,8,574924928,Cây thần
br,public static java.lang.String c(java.lang.String);,681,44825,4,574924928,Mabu
br,public static java.lang.String c(java.lang.String);,724,44825,4,574924928,Mabu
br,public static java.lang.String c(java.lang.String);,748,46776,4,574924928,Buma
br,public static java.lang.String c(java.lang.String);,778,46780,5,574924928,Ma bư
br,public static java.lang.String c(java.lang.String);,821,46780,5,574924928,Ma bư
br,public static java.lang.String c(java.lang.String);,846,46776,4,574924928,Buma
br,public static java.lang.String c(java.lang.String);,877,5412,5,574924928,Xayda
br,public static java.lang.String c(java.lang.String);,921,5412,5,574924928,Xayda
br,public static java.lang.String c(java.lang.String);,946,46785,5,574924928,Dasay
br,public static java.lang.String c(java.lang.String);,976,46790,6,574924928,Xay da
br,public static java.lang.String c(java.lang.String);,1020,46790,6,574924928,Xay da
br,public static java.lang.String c(java.lang.String);,1045,46785,5,574924928,Dasay
br,public static java.lang.String c(java.lang.String);,1077,5407,5,574924928,Namếc
br,public static java.lang.String c(java.lang.String);,1121,5407,5,574924928,Namếc
br,public static java.lang.String c(java.lang.String);,1145,46796,5,574924928,Mecda
br,public static java.lang.String c(java.lang.String);,1175,46801,6,574924928,Na mếc
br,public static java.lang.String c(java.lang.String);,1218,46801,6,574924928,Na mếc
br,public static java.lang.String c(java.lang.String);,1243,46796,5,574924928,Mecda
br,public static java.lang.String c(java.lang.String);,1273,46807,5,574924928,Namek
br,public static java.lang.String c(java.lang.String);,1317,46807,5,574924928,Namek
br,public static java.lang.String c(java.lang.String);,1342,46796,5,574924928,Mecda
br,public static java.lang.String c(java.lang.String);,1372,46812,9,574924928,Rồng thần
br,public static java.lang.String c(java.lang.String);,1414,46812,9,574924928,Rồng thần
br,public static java.lang.String c(java.lang.String);,1439,5417,8,574924928,Rồng đất
br,public static java.lang.String c(java.lang.String);,1469,46821,4,574924928,Kame
br,public static java.lang.String c(java.lang.String);,1513,46821,4,574924928,Kame
br,public static java.lang.String c(java.lang.String);,1538,46825,4,574924928,Meka
br,public static java.lang.String c(java.lang.String);,1569,17634,6,574924928,Vegeta
br,public static java.lang.String c(java.lang.String);,1613,17634,6,574924928,Vegeta
br,public static java.lang.String c(java.lang.String);,1640,9960,6,574924928,Tageve
br,public static java.lang.String c(java.lang.String);,1671,9921,7,574924928,Kakalot
br,public static java.lang.String c(java.lang.String);,1715,9921,7,574924928,Kakalot
br,public static java.lang.String c(java.lang.String);,1741,46829,7,574924928,Lotkaka
br,public static java.lang.String c(java.lang.String);,1770,46836,5,574924928,Broly
br,public static java.lang.String c(java.lang.String);,1814,46836,5,574924928,Broly
br,public static java.lang.String c(java.lang.String);,1839,46841,5,574924928,Lybro
br,public static java.lang.String c(java.lang.String);,1870,5017,9,574924928,Ngọc rồng
br,public static java.lang.String c(java.lang.String);,1915,5017,9,574924928,Ngọc rồng
br,public static java.lang.String c(java.lang.String);,1940,46846,9,574924928,Ngọc thần
br,public static java.lang.String c(java.lang.String);,1970,46855,9,574924928,ngọc rồng
br,public static java.lang.String c(java.lang.String);,2013,46855,9,574924928,ngọc rồng
br,public static java.lang.String c(java.lang.String);,2038,46846,9,574924928,Ngọc thần
br,public static java.lang.String c(java.lang.String);,2068,46864,5,574924928,Radic
br,public static java.lang.String c(java.lang.String);,2111,46864,5,574924928,Radic
br,public static java.lang.String c(java.lang.String);,2136,46869,5,574924928,Dicra
br,public static java.lang.String c(java.lang.String);,2166,46874,6,574924928,Ra dic
br,public static java.lang.String c(java.lang.String);,2209,46874,6,574924928,Ra dic
br,public static java.lang.String c(java.lang.String);,2234,46869,5,574924928,Dicra
br,public static java.lang.String c(java.lang.String);,2263,46880,6,574924928,Ra đíc
br,public static java.lang.String c(java.lang.String);,2306,46880,6,574924928,Ra đíc
br,public static java.lang.String c(java.lang.String);,2331,46869,5,574924928,Dicra
br,public static java.lang.String c(java.lang.String);,2361,46886,5,574924928,Cadic
br,public static java.lang.String c(java.lang.String);,2402,46886,5,574924928,Cadic
br,public static java.lang.String c(java.lang.String);,2428,46891,5,574924928,Dicca
br,public static java.lang.String c(java.lang.String);,2458,46896,6,574924928,Ca dic
br,public static java.lang.String c(java.lang.String);,2501,46896,6,574924928,Ca dic
br,public static java.lang.String c(java.lang.String);,2526,46891,5,574924928,Dicca
br,public static java.lang.String c(java.lang.String);,2556,46902,6,574924928,Ca đíc
br,public static java.lang.String c(java.lang.String);,2599,46902,6,574924928,Ca đíc
br,public static java.lang.String c(java.lang.String);,2623,46891,5,574924928,Dicca
br,public static java.lang.String c(java.lang.String);,2653,46908,7,574924928,Quy lão
br,public static java.lang.String c(java.lang.String);,2696,46908,7,574924928,Quy lão
br,public static java.lang.String c(java.lang.String);,2721,46915,3,574924928,Lão
br,public static java.lang.String c(java.lang.String);,2750,46918,7,574924928,quy lão
br,public static java.lang.String c(java.lang.String);,2793,46918,7,574924928,quy lão
br,public static java.lang.String c(java.lang.String);,2818,46925,3,574924928,lão
br,public static java.lang.String c(java.lang.String);,2848,46928,6,574924928,QuyLão
br,public static java.lang.String c(java.lang.String);,2891,46934,7,574924928,Quy Lão
br,public static java.lang.String c(java.lang.String);,2915,46915,3,574924928,Lão
br,public static java.lang.String c(java.lang.String);,2944,46941,5,574924928,Santa
br,public static java.lang.String c(java.lang.String);,2987,46941,5,574924928,Santa
br,public static java.lang.String c(java.lang.String);,3012,46946,5,574924928,Tasan
br,public static java.lang.String c(java.lang.String);,3043,46951,7,574924928,Hạt Mít
br,public static java.lang.String c(java.lang.String);,3086,46951,7,574924928,Hạt Mít
br,public static java.lang.String c(java.lang.String);,3112,46958,6,574924928,Hạt Dẻ
br,public static java.lang.String c(java.lang.String);,3142,46964,7,574924928,Hạt mít
br,public static java.lang.String c(java.lang.String);,3185,46964,7,574924928,Hạt mít
br,public static java.lang.String c(java.lang.String);,3209,46971,6,574924928,Hạt dẻ
br,public static java.lang.String c(java.lang.String);,3237,46977,11,574924928,Tàu bảy bảy
br,public static java.lang.String c(java.lang.String);,3279,46977,11,574924928,Tàu bảy bảy
br,public static java.lang.String c(java.lang.String);,3304,46988,7,574924928,Tàu tàu
br,public static java.lang.String c(java.lang.String);,3334,46995,4,574924928,Uron
br,public static java.lang.String c(java.lang.String);,3377,46995,4,574924928,Uron
br,public static java.lang.String c(java.lang.String);,3402,46999,4,574924928,Onru
br,public static java.lang.String c(java.lang.String);,3430,47003,5,574924928,U ron
br,public static java.lang.String c(java.lang.String);,3474,47003,5,574924928,U ron
br,public static java.lang.String c(java.lang.String);,3498,46999,4,574924928,Onru
br,public static java.lang.String c(java.lang.String);,3528,47008,4,574924928,Urôn
br,public static java.lang.String c(java.lang.String);,3570,47008,4,574924928,Urôn
br,public static java.lang.String c(java.lang.String);,3595,46999,4,574924928,Onru
br,public static java.lang.String c(java.lang.String);,3625,47012,9,574924928,Ngọc Rồng
br,public static java.lang.String c(java.lang.String);,3668,47012,9,574924928,Ngọc Rồng
br,public static java.lang.String c(java.lang.String);,3693,46846,9,574924928,Ngọc thần
br,public static java.lang.String c(java.lang.String);,3724,5017,9,574924928,Ngọc rồng
br,public static java.lang.String c(java.lang.String);,3768,5017,9,574924928,Ngọc rồng
br,public static java.lang.String c(java.lang.String);,3794,46846,9,574924928,Ngọc thần
br,public static java.lang.String c(java.lang.String);,3824,35408,4,574924928,Fide
br,public static java.lang.String c(java.lang.String);,3866,35408,4,574924928,Fide
br,public static java.lang.String c(java.lang.String);,3892,47021,4,574924928,Defi
br,public static java.lang.String c(java.lang.String);,3923,17634,6,574924928,Vegeta
br,public static java.lang.String c(java.lang.String);,3967,17634,6,574924928,Vegeta
br,public static java.lang.String c(java.lang.String);,3993,9960,6,574924928,Tageve
br,public static java.lang.String c(java.lang.String);,4024,47025,5,574924928,Moori
br,public static java.lang.String c(java.lang.String);,4066,47025,5,574924928,Moori
br,public static java.lang.String c(java.lang.String);,4092,47030,5,574924928,Rimoo
br,public static java.lang.String c(java.lang.String);,4122,47035,3,574924928,Aru
br,public static java.lang.String c(java.lang.String);,4165,47035,3,574924928,Aru
br,public static java.lang.String c(java.lang.String);,4190,47038,3,574924928,Ura
br,public static java.lang.String c(java.lang.String);,4221,47041,8,574924928,Kamejoko
br,public static java.lang.String c(java.lang.String);,4264,47041,8,574924928,Kamejoko
br,public static java.lang.String c(java.lang.String);,4290,47049,8,574924928,Kojomeka
br,public static java.lang.String c(java.lang.String);,4320,47057,8,574924928,kamejoko
br,public static java.lang.String c(java.lang.String);,4363,47057,8,574924928,kamejoko
br,public static java.lang.String c(java.lang.String);,4389,47065,8,574924928,kojomeka
br,public static java.lang.String c(java.lang.String);,4419,46821,4,574924928,Kame
br,public static java.lang.String c(java.lang.String);,4462,46821,4,574924928,Kame
br,public static java.lang.String c(java.lang.String);,4487,46825,4,574924928,Meka
br,public static java.lang.String c(java.lang.String);,4517,47073,4,574924928,kame
br,public static java.lang.String c(java.lang.String);,4560,47073,4,574924928,kame
br,public static java.lang.String c(java.lang.String);,4586,47077,4,574924928,meka
br,public static java.lang.String c(java.lang.String);,4616,47081,7,574924928,Masenko
br,public static java.lang.String c(java.lang.String);,4659,47081,7,574924928,Masenko
br,public static java.lang.String c(java.lang.String);,4683,47088,7,574924928,Kosenma
br,public static java.lang.String c(java.lang.String);,4713,47095,17,574924928,Thái Dương Hạ San
br,public static java.lang.String c(java.lang.String);,4757,47095,17,574924928,Thái Dương Hạ San
br,public static java.lang.String c(java.lang.String);,4781,47112,8,574924928,Hạ Dương
br,public static java.lang.String c(java.lang.String);,4811,47120,11,574924928,Solar flare
br,public static java.lang.String c(java.lang.String);,4854,47120,11,574924928,Solar flare
br,public static java.lang.String c(java.lang.String);,4879,47131,5,574924928,Solar
br,public static java.lang.String c(java.lang.String);,4909,47136,16,574924928,Quả cầu kênh khi
br,public static java.lang.String c(java.lang.String);,4951,47136,16,574924928,Quả cầu kênh khi
br,public static java.lang.String c(java.lang.String);,4976,47152,7,574924928,Quả cầu
br,public static java.lang.String c(java.lang.String);,5006,47159,10,574924928,Genki-Dama
br,public static java.lang.String c(java.lang.String);,5049,47159,10,574924928,Genki-Dama
br,public static java.lang.String c(java.lang.String);,5074,47169,4,574924928,Dama
br,public static java.lang.String c(java.lang.String);,5104,47159,10,574924928,Genki-Dama
br,public static java.lang.String c(java.lang.String);,5147,47159,10,574924928,Genki-Dama
br,public static java.lang.String c(java.lang.String);,5172,47169,4,574924928,Dama
br,public static java.lang.String c(java.lang.String);,5202,47173,12,574924928,Makankosappo
br,public static java.lang.String c(java.lang.String);,5245,47173,12,574924928,Makankosappo
br,public static java.lang.String c(java.lang.String);,5271,47185,12,574924928,Oppasoknakam
br,public static {};,1361,47197,38,574924928,<color=#ff0000ff>[  LOG_CAT  ]</color>
br,public static {};,1380,47235,38,574924928,<color=#ff0000ff>[LOG_SESSION]</color>
br,public static {};,1400,47273,38,574924928,<color=#ffff00ff>[LOG_SESSION]</color>
br,public static {};,1420,47311,38,574924928,<color=#ff0000ff>[LOG_MOBILE ]</color>
bs,public static void fB();,54,5,3,574924928,   
bs,public static void fB();,89,2,1,574924928, 
bs,public static void fB();,201,3,2,574924928,  
bt,public static void fC();,54,5,3,574924928,   
bu,public final void W(nro.bF);,350,1406,1,574924928,)
bu,public final void W(nro.bF);,451,1406,1,574924928,)
bu,public final void fD();,192,47349,13,574924928,curr - last= 
bu,public static void fE();,91,2,1,574924928, 
bu,public static void fE();,253,5,3,574924928,   
bu,public static void fE();,426,3,2,574924928,  
bv,public static {};,12,47362,37,574924928,/mainImage/myTexture2dat-trai-dat.png
bv,public static {};,30,47399,35,574924928,/mainImage/myTexture2dmat-namek.png
bv,public static {};,68,47434,35,574924928,/mainImage/myTexture2dthucuoi10.png
bv,public static {};,86,47469,35,574924928,/mainImage/myTexture2dthucuoi20.png
bv,public static {};,104,47504,35,574924928,/mainImage/myTexture2dthucuoi21.png
bv,public static {};,122,47539,35,574924928,/mainImage/myTexture2dthucuoi30.png
bv,public static {};,140,47574,35,574924928,/mainImage/myTexture2dthucuoi11.png
bv,public static {};,158,47609,35,574924928,/mainImage/myTexture2dthucuoi22.png
bv,public static {};,176,47644,35,574924928,/mainImage/myTexture2dthucuoi23.png
bv,public static {};,194,47679,35,574924928,/mainImage/myTexture2dthucuoi31.png
bv,public static {};,212,47714,30,574924928,/mainImage/myTexture2drong.png
bv,public static {};,230,47744,34,574924928,/mainImage/myTexture2dcanhrong.png
bv,public static {};,248,47778,21,574924928,/mainImage/glass0.png
bv,public static {};,264,47799,21,574924928,/mainImage/glass1.png
bv,public static {};,7439,27691,1,574924928,1
bv,public static {};,7458,27691,1,574924928,1
bv,public static {};,7477,47820,7,574924928,chiêu 1
bv,public static {};,7497,27690,1,574924928,0
bv,public static {};,7531,28224,1,574924928,2
bv,public static {};,7550,28224,1,574924928,2
bv,public static {};,7569,47827,7,574924928,chiêu 2
bv,public static {};,7588,36944,1,574924928,5
bv,public final void fI();,35,47834,5,574924928,items
bv,public final void fI();,391,47839,14,574924928,Char.boxSort()
bv,public final boolean f(int);,126,47853,38,574924928,tim kiem id cai trang 1265 ko tim thay
bv,public void ei();,581,47891,11,574924928,Cắc cùm cum
bv,public final java.lang.String e();,50,40519,1,574924928,+
bv,public final java.lang.String e();,89,2266,1,574924928,.
bv,public final java.lang.String e();,127,17955,1,574924928,%
bv,public final java.lang.String e();,176,47902,4,574924928,cấp 
bv,public final java.lang.String e();,208,47902,4,574924928,cấp 
bv,public final java.lang.String e();,233,47906,1,574924928,c
bv,"public void a(nro.bF, int, int, int, int);",106,47907,11,574924928,/redeye.png
bv,public static void fP();,98,2,1,574924928, 
bv,public static void fP();,204,3,2,574924928,  
bv,public static void fP();,270,2,1,574924928, 
bv,public static void fP();,728,5,3,574924928,   
bv,public static void fP();,1082,3,2,574924928,  
bv,public static void fP();,1944,5,3,574924928,   
bv,public static void fP();,3073,3,2,574924928,  
bv,"public final void l(int, int);",41,47918,14,574924928,REST POINT x= 
bv,"public final void l(int, int);",73,31788,4,574924928, y= 
bv,public nro.bv();,195,47932,6,574924928,vSkill
bv,public nro.bv();,231,47938,11,574924928,vSkillFight
bv,public nro.bv();,267,47949,9,574924928,vEff char
bv,public nro.bv();,318,47958,5,574924928,focus
bv,public nro.bv();,399,47963,10,574924928,taskOrders
bv,public nro.bv();,674,47973,11,574924928,vMovePoints
bv,public nro.bv();,1104,47984,6,574924928,mount_
bv,public nro.bv();,1525,33559,4,574924928,vEff
bv,public nro.bv();,3706,47990,5,574924928,aura_
bv,public nro.bv();,3750,47995,8,574924928,set_eff_
bv,public nro.bv();,3794,48003,8,574924928,hat_sau_
bv,public nro.bv();,3823,48011,10,574924928,hat_truoc_
bv,public nro.bv();,3852,48021,6,574924928,ngang_
bv,public final void q(java.lang.String);,41,48027,10,574924928,sao sư phụ
bv,public static void du();,77,48037,7,574924928,/Mob/50
bv,public static void du();,141,28469,5,574924928,/data
bv,public static void du();,203,30669,8,574924928,/img.png
bv,public static void du();,266,48044,2,574924928,50
bv,public static void d(boolean);,63,1950,1,574924928,#
bv,public static void d(boolean);,95,1950,1,574924928,#
bv,public static void d(boolean);,331,48046,6,574924928,TASKx 
bv,public static void d(boolean);,825,37834,4,574924928,fake
bv,public static void d(boolean);,850,48052,2,574924928,aa
bv,"public final void a(java.lang.String, short, short, short);",59,48054,4,574924928,sc= 
bv,"public final void a(java.lang.String, short, short, short);",91,48058,6,574924928, max= 
bv,"public final void a(long, long, boolean, boolean);",315,1576,1,574924928,-
bv,public final void Y(nro.bF);,125,48064,2,574924928,_1
bv,public final void Y(nro.bF);,1008,48064,2,574924928,_1
bv,public final void fY();,397,48066,21,574924928,co the tan cong nguoi
bv,public final void fY();,474,48087,23,574924928,khong the tan cong quai
bv,public final void fY();,513,48110,19,574924928,co the tan ong quai
bv,public final nro.bv f();,178,39499,12,574924928,item.options
bv,public final void ga();,67,2045,4,574924928,vMob
bv,public final void ga();,99,33132,5,574924928,vChar
bv,public void ad();,3140,672,1,574924928,","
bv,public void ad();,3594,48129,11,574924928,set pox x= 
bv,public void ad();,3630,31788,4,574924928, y= 
bv,public void ad();,5940,48140,22,574924928,  7.5 gong namekLazer 
bv,public void ad();,5976,28088,1,574924928,_
bv,public void ad();,6058,48162,28,574924928,<*> 8  namekLazer gong xong 
bv,public void ad();,6146,48190,24,574924928,<*> 9 [me] xay da xong  
bv,public void ad();,6268,48214,22,574924928,<*> 9 [me] namec xong 
bv,public void ad();,6394,48214,22,574924928,<*> 9 [me] namec xong 
bv,public void ad();,6639,48236,25,574924928,<*> 10 xay da xong 111   
bv,public void ad();,6745,48261,26,574924928,<*> 10 C_NAMEC xong 222   
bv,public void ad();,6842,48287,29,574924928,<*> 10  C_TRAIDAT xong 333   
bv,public void ad();,6986,48316,42,574924928,<*> 11 Hoàn thành skill not focus -  STAND
bv,public void ad();,7175,48358,30,574924928,<*> 11 gồng qua cau kinh khi  
bv,public void ad();,7595,48388,45,574924928,<*> 12 kết thúc skill  qua cau kinh khi 	FLY 
bv,public void ad();,10278,48433,7,574924928,Jum lun
bv,public void ad();,14453,48440,3,574924928,%= 
bv,public void ad();,14573,40519,1,574924928,+
bv,public void ad();,14622,2,1,574924928, 
bv,public void ad();,14737,40519,1,574924928,+
bv,public void ad();,14786,2,1,574924928, 
bv,public void h(nro.bF);,437,48443,2,574924928,_0
bv,public void h(nro.bF);,1167,48443,2,574924928,_0
bv,public void h(nro.bF);,2545,48443,2,574924928,_0
bv,public void h(nro.bF);,2844,48443,2,574924928,_0
bv,public void h(nro.bF);,3521,1951,1,574924928,$
bv,public void h(nro.bF);,3594,1950,1,574924928,#
bv,public void h(nro.bF);,4390,48064,2,574924928,_1
bv,public void h(nro.bF);,5807,48064,2,574924928,_1
bx,public final void run();,257,48445,56,574924928,=======================> gui message cmd = -27 to server
bx,public static void gi();,99,2,1,574924928, 
c,public static void l();,238,33092,40,574924928,Chưa có skill trong danh sách Auto Skill
c,public static void l();,824,2045,4,574924928,vMob
c,public static void l();,870,33132,5,574924928,vChar
c,public static void l();,922,33132,5,574924928,vChar
c,public static void l();,967,2045,4,574924928,vMob
c,public static void m();,54,2,1,574924928, 
c,public static void m();,189,2,1,574924928, 
c,public static void m();,230,5,3,574924928,   
c,public static void m();,270,3,2,574924928,  
cC,public static void hx();,140,2,1,574924928, 
cD,public static void hy();,141,2,1,574924928, 
cD,public static void hy();,184,3,2,574924928,  
cD,public static void hy();,224,2,1,574924928, 
cE,public static void hz();,54,2,1,574924928, 
cE,public static void hz();,150,2,1,574924928, 
cE,public static void hz();,277,3,2,574924928,  
cE,public static void hz();,474,5,3,574924928,   
cE,public static void hz();,669,2,1,574924928, 
cE,public static void hz();,882,5,3,574924928,   
cE,public final void af(nro.bF);,676,2,1,574924928, 
cE,public final void af(nro.bF);,781,2,1,574924928, 
cE,public nro.cE();,76,31068,6,574924928,vItems
cF,public static void df();,108,31074,3,574924928,/t/
cF,public static void df();,141,31077,6,574924928,$1.png
cF,public static void df();,185,30777,1,574924928,x
cF,public static void df();,220,31083,1,574924928,t
cF,public static void df();,309,31074,3,574924928,/t/
cF,public static void df();,344,1951,1,574924928,$
cF,public static void df();,389,27526,4,574924928,.png
cF,public static void df();,447,31074,3,574924928,/t/
cF,public static void df();,482,27526,4,574924928,.png
cF,public static void df();,612,31074,3,574924928,/t/
cF,public static void df();,647,27526,4,574924928,.png
cF,public static void df();,737,31074,3,574924928,/t/
cF,public static void df();,772,28152,1,574924928,/
cF,public static void df();,817,27526,4,574924928,.png
cF,public static void u(int);,39,27531,7,574924928,/mymap/
cF,public static void hA();,331,2,1,574924928, 
cF,public static void hA();,1039,3,2,574924928,  
cF,public static void hA();,1798,2,1,574924928, 
cF,public static void hA();,2239,5,3,574924928,   
cF,public static void v(int);,215,31084,14,574924928,Error Load Map
cF,public static {};,75,31098,3,574924928,vGO
cF,public static {};,98,31101,7,574924928,vItemBg
cF,public static {};,121,31108,9,574924928,vCurrItem
cF,public static {};,140,31117,30,574924928,/mainImage/myTexture2dbong.png
cF,public static {};,163,31147,7,574924928,vObject
cF,public static {};,419,31154,13,574924928,/bg/light.png
cF,public static final void hB();,45,31167,15,574924928,/tWater/wtf.png
cF,public static final void hB();,82,31182,16,574924928,/tWater/twtf.png
cF,public static final void hB();,118,31198,15,574924928,/tWater/wts.png
cF,public static final void hB();,155,31213,16,574924928,/tWater/wtsN.png
cF,public static final void hB();,193,31229,17,574924928,/tWater/wtsN2.png
cG,public static void hC();,134,2,1,574924928, 
cG,public static void hC();,219,2,1,574924928, 
cG,public static void hC();,385,5,3,574924928,   
cG,public static void hC();,451,3,2,574924928,  
cH,public static void hE();,241,5,3,574924928,   
cH,public static void hE();,374,2,1,574924928, 
cH,public static void hE();,459,2,1,574924928, 
cH,public static void hE();,539,3,2,574924928,  
cH,public static void hE();,727,3,2,574924928,  
cH,public static void hE();,1090,3,2,574924928,  
cI,public static void k(nro.bV);,631,31397,11,574924928,type quay= 
cI,public static void k(nro.bV);,765,31408,8,574924928,titile= 
cI,public static void k(nro.bV);,1095,31416,10,574924928,playerID= 
cI,public static void k(nro.bV);,1129,31426,10,574924928, skillID= 
cI,public static void k(nro.bV);,2025,31436,18,574924928,tra ve huy chieu 2
cI,public static void k(nro.bV);,2095,31454,12,574924928,modbHoldID= 
cI,public static void k(nro.bV);,2129,31426,10,574924928, skillID= 
cI,public static void k(nro.bV);,2161,31466,8,574924928,eff ID= 
cI,public static void k(nro.bV);,3323,31474,27,574924928,server gui ve actionFlag = 
cI,public static void k(nro.bV);,3614,31501,29,574924928,---------------actionFlag1:  
cI,public static void k(nro.bV);,3648,31530,3,574924928, : 
cI,public static void k(nro.bV);,3852,31533,3,574924928,i: 
cI,public static void k(nro.bV);,3884,31536,9,574924928,  cflag: 
cI,public static void k(nro.bV);,3921,31545,16,574924928,   IDimageFlag: 
cI,public static void k(nro.bV);,4127,19282,5,574924928,2.5.0
cI,public static void k(nro.bV);,4269,19282,5,574924928,2.5.0
cI,public static void k(nro.bV);,4386,31561,9,574924928,t Indxe= 
cI,public static void k(nro.bV);,4465,31570,10,574924928,max page= 
cI,public static void k(nro.bV);,4504,31580,12,574924928, curr page= 
cI,public static void k(nro.bV);,5073,31592,14,574924928,nguoi ki gui  
cI,public static void k(nro.bV);,5778,31606,8,574924928,char ID=
cI,public static void k(nro.bV);,6424,31614,58,574924928,big boss--------------------------------------------------
cI,public static void k(nro.bV);,6613,31672,14,574924928,CHUONG nChar= 
cI,public static void k(nro.bV);,6702,31606,8,574924928,char ID=
cI,public static void k(nro.bV);,7897,31686,19,574924928,SHOW AD public ID= 
cI,public static void k(nro.bV);,7955,31705,15,574924928,second login = 
cI,public static void k(nro.bV);,8057,31720,68,574924928,SET POSSSSSSSSSSSSSSSSSSSSSSSSSSSSSSSSSSSSSSSSSSSSSSSSSSSSSSSSss x= 
cI,public static void k(nro.bV);,8091,31788,4,574924928, y= 
cI,public static void k(nro.bV);,8125,31792,8,574924928,chaPos= 
cI,public static void k(nro.bV);,8158,31800,10,574924928,type Pos= 
cI,public static void k(nro.bV);,8329,31810,13,574924928,noi chuyen = 
cI,public static void k(nro.bV);,8363,31823,8,574924928,npc ID= 
cI,public static void hF();,80,2,1,574924928, 
cI,public static void hF();,122,2,1,574924928, 
cI,public static void hF();,207,2,1,574924928, 
cI,public static void hF();,247,3,2,574924928,  
cI,public static void hF();,287,2,1,574924928, 
cI,public static void hF();,691,5,3,574924928,   
cJ,public static void hG();,54,2,1,574924928, 
cJ,public static void hG();,89,2,1,574924928, 
cJ,public static void hG();,475,3,2,574924928,  
cJ,public static void hG();,515,5,3,574924928,   
cJ,"public nro.cJ(int, int, int, int, int, int);",55,31831,12,574924928,npc avatar= 
cJ,"public nro.cJ(int, int, int, int, int, int);",231,31843,9,574924928,duaHau = 
cJ,"public final void a(byte, int);",61,31852,14,574924928,in ra second= 
cK,"public final void a(int, java.lang.Object);",59,31866,14,574924928,perform chat 1
cK,"public final void a(int, java.lang.Object);",157,31880,14,574924928,perform chat 2
cK,public static void hI();,76,2,1,574924928, 
cK,public static void hI();,264,3,2,574924928,  
cK,public static void hI();,677,2,1,574924928, 
cK,public static void hI();,877,5,3,574924928,   
cK,public static void hI();,917,2,1,574924928, 
cK,public nro.cK();,66,2,1,574924928, 
cL,public static void hK();,242,2,1,574924928, 
cL,public static void hK();,308,3,2,574924928,  
cL,public static void hK();,678,2,1,574924928, 
cM,"public final void c(byte, byte);",68,31950,23,574924928,------------service--  
cM,"public final void c(byte, byte);",98,5,3,574924928,   
cM,public final void y(java.lang.String);,32,31973,7,574924928,Login 2
cM,"public final void b(int, byte);",39,31980,10,574924928,JOIN CLAN 
cM,"public final void b(byte, int);",32,31990,10,574924928,add friend
cM,"public final void b(java.lang.String, int, int);",105,32000,6,574924928,name= 
cM,"public final void b(java.lang.String, int, int);",135,32006,9,574924928, gender= 
cM,"public final void b(java.lang.String, int, int);",167,32015,6,574924928, hair=
cM,public final void hN();,32,32021,13,574924928,finishLoadMap
cM,"public final void a(byte, int, byte[]);",35,32034,11,574924928,SERVER DATA
cM,"public final void p(int, int);",112,32045,24,574924928,gửi tăng tiềm năng NUM= 
cM,"public final void p(int, int);",143,32069,7,574924928, type= 
cM,"public final void a(byte, int, int, int);",39,32076,16,574924928,invite action = 
cM,"public final void a(byte, int, int, int);",71,32092,9,574924928,layerid= 
cM,"public final void a(byte, int, int, int);",102,32101,9,574924928, clanID= 
cM,"public final void a(byte, int, int, int);",134,32110,7,574924928, code= 
cM,public final void A(java.lang.String);,68,32117,21,574924928,>>>getGetImgByName = 
cM,"public final void a(nro.bT, nro.bT, int);",39,32138,20,574924928,SEND ATTACT vChar=  
cM,"public final void a(nro.bT, nro.bT, int);",334,32158,17,574924928,PLAYER ATTACK NPC
cM,"public final void a(nro.bT, nro.bT, int);",496,32175,21,574924928,player attack player 
cM,"public final void c(int, byte);",39,32196,17,574924928,REMOTE CLAN id = 
cM,"public final void c(int, byte);",71,32213,7,574924928, role= 
cM,public final void hW();,61,32220,7,574924928,setType
cM,public final void hW();,190,32227,21,574924928,microedition.platform
cM,public final void hW();,221,32248,6,574924928,|2.5.0
cM,public final void hW();,260,32254,8,574924928,res\info
cM,public final void hW();,333,32262,6,574924928,write 
cM,public final void hW();,370,32248,6,574924928,|2.5.0
cM,public final void J(int);,39,32268,12,574924928,MEMBER CLAN 
cM,public final void hX();,32,32280,10,574924928,LEAVE CLAN
cM,public final void K(int);,39,32290,6,574924928,npc id
cM,"public final void a(java.lang.String, java.lang.String, java.lang.String, java.lang.String);",39,32296,17,574924928,Request Register 
cM,"public final void a(java.lang.String, java.lang.String, java.lang.String, java.lang.String);",71,2,1,574924928, 
cM,"public final void a(java.lang.String, java.lang.String, java.lang.String, java.lang.String);",101,2,1,574924928, 
cM,"public final void a(java.lang.String, java.lang.String, java.lang.String, java.lang.String);",199,32313,1,574924928,a
cM,"public final void a(byte, nro.bT);",32,32314,7,574924928,combine
cM,"public final void a(byte, nro.bT);",155,32321,7,574924928,gui id 
cM,"public final void a(short, byte);",39,32328,14,574924928,confirme menu=
cM,"public final void a(short, byte);",71,32342,6,574924928, npc= 
cM,"public final void a(byte, int, byte, int, int);",42,32348,15,574924928,ki gui action= 
cM,"public final void a(byte, int, byte, int, int);",74,32363,10,574924928, item id= 
cM,"public final void a(byte, int, byte, int, int);",186,32373,16,574924928,ki gui so luong 
cM,"public final void a(byte, int, byte, int, int);",347,32389,9,574924928,currTab= 
cM,"public final void a(byte, int, byte, int, int);",380,32398,7,574924928, page= 
cM,"public final void a(byte, byte, int);",32,32405,16,574924928,PLAYER VS PLAYER
cM,public final void c(nro.bT);,41,32421,19,574924928,IMAGE SOURCE size= 
cM,public final void c(nro.bT);,144,32440,12,574924928,gui len str 
cM,public final void C(java.lang.String);,52,32452,10,574924928,Send chat 
cM,public final void f(short);,39,32462,14,574924928,get image id= 
cM,public final void O(int);,32,32476,17,574924928,request bag image
cM,"public final void a(int, java.lang.String, int);",35,32493,12,574924928,CLAN MESSAGE
cM,public final void Q(int);,34,32505,11,574924928,CLAN DONATE
cM,public final void R(int);,32,32516,8,574924928,get ngoc
cM,public final void g(byte);,32,32524,18,574924928,request magic tree
cM,"public final void b(byte, nro.bT);",39,32542,25,574924928,request resource action= 
cM,public final void i(byte);,34,32567,7,574924928,FUNSION
cM,"public final void a(byte, int, java.lang.String);",118,32574,13,574924928,SEND SLOGAN= 
cM,public final void X(int);,32,32587,14,574924928,GUI THACH DAUA
cM,"public final void a(java.lang.String, java.lang.String, java.lang.String, byte);",39,32601,6,574924928,Login 
cM,"public final void a(java.lang.String, java.lang.String, java.lang.String, byte);",71,2,1,574924928, 
cM,"public final void a(java.lang.String, java.lang.String, java.lang.String, byte);",101,2,1,574924928, 
cM,public final void E(java.lang.String);,39,32607,17,574924928,send SEARCH CLAN 
cM,public final void if();,32,32624,16,574924928,send map offline
cM,"public final void a(byte, int, byte, int);",39,32640,19,574924928,giao dich action = 
cM,"public final void a(byte, int, byte, int);",155,32659,15,574924928,gui len indxe =
cM,"public final void a(byte, int, byte, int);",187,19451,6,574924928, num= 
cM,public final void Y(int);,48,32674,14,574924928, SELECT SKILL 
cM,"public final void c(byte, int);",32,31990,10,574924928,add friend
cM,public final void j(byte);,39,32688,19,574924928,Skill not focus so 
cM,public static void ih();,142,2,1,574924928, 
cM,public static void ih();,274,3,2,574924928,  
cM,public static void ih();,388,5,3,574924928,   
cM,public static void ih();,571,2,1,574924928, 
cM,public static void ih();,3390,5,3,574924928,   
cM,public final void a(char);,39,32707,12,574924928,cap char c= 
cM,public final void ac(int);,32,32524,18,574924928,request magic tree
cN,public static void co();,124,32719,11,574924928,ImageSource
cN,public static void ad();,42,32719,11,574924928,ImageSource
cN,public static void ad();,228,32730,9,574924928,vS size= 
cN,public static void ad();,264,32739,12,574924928, vRMS size= 
cN,public static void ii();,140,2,1,574924928, 
cO,public static void ik();,54,5,3,574924928,   
cO,public static void ik();,89,2,1,574924928, 
cO,public static void ik();,177,2,1,574924928, 
cO,public static void ik();,320,3,2,574924928,  
cS,public static void il();,198,3,2,574924928,  
cS,public static void il();,238,2,1,574924928, 
cT,public static {};,37,32766,13,574924928,/gamelogo.png
cT,public static void cu();,38,32779,26,574924928,>>>>>loadIP:  svselect == 
cT,public static void cu();,115,32805,26,574924928,>>>loadIP:  svselect == -1
cT,public static java.lang.String f(java.lang.String);,48,32831,23,574924928,Error: Image not found!
cT,public static java.lang.String f(java.lang.String);,354,328,5,574924928,UTF-8
cT,public static java.lang.String f(java.lang.String);,404,32854,15,574924928,Error decoding!
cT,public final void h(nro.bF);,331,17955,1,574924928,%
cT,public final void cp();,85,32869,10,574924928,serverchat
cT,public final void cp();,123,32869,10,574924928,serverchat
cT,public final void cp();,183,32879,11,574924928,isPlaySound
cT,public final void cp();,225,32879,11,574924928,isPlaySound
cT,public static void im();,140,2,1,574924928, 
cT,public static void im();,183,2,1,574924928, 
cT,public static void im();,265,2,1,574924928, 
cT,public static void im();,348,3,2,574924928,  
cT,public static void im();,388,5,3,574924928,   
cT,public static void cB();,32,32766,13,574924928,/gamelogo.png
cU,"public final void e(java.lang.String, int);",32,32890,15,574924928,Chưa thể chuyển
cU,"public final void e(java.lang.String, int);",64,32905,11,574924928,khu vực này
cU,public static void io();,54,5,3,574924928,   
cU,public static void io();,89,2,1,574924928, 
cU,public static void io();,262,3,2,574924928,  
cU,public static void io();,509,2,1,574924928, 
cV,public final java.lang.String h();,39,1950,1,574924928,#
cY,"public void commandAction(javax.microedition.lcdui.Command, javax.microedition.lcdui.Displayable);",297,932,15,574924928,Setup_AutoOnOff
cY,"public void commandAction(javax.microedition.lcdui.Command, javax.microedition.lcdui.Displayable);",446,947,22,574924928,Lưu cài đặt thành công
cY,public static {};,62,932,15,574924928,Setup_AutoOnOff
cY,public nro.cY();,32,969,9,574924928,Thiết Lập
cY,public nro.cY();,64,978,13,574924928,• Auto On-Off
cY,public nro.cY();,135,991,3,574924928,Bật
cY,public nro.cY();,174,994,3,574924928,Tắt
cY,public nro.cY();,230,997,12,574924928,• Chế Độ Off
cY,public nro.cY();,306,1009,14,574924928,Theo Thời Gian
cY,public nro.cY();,345,1023,22,574924928,Theo Thông Báo Bảo Trì
cY,public nro.cY();,406,1045,8,574924928,Giờ off:
cY,public nro.cY();,480,1053,9,574924928,Phút off:
cY,public nro.cY();,554,1062,6,574924928,Giờ on
cY,public nro.cY();,628,1068,8,574924928,Phút on:
cY,public nro.cY();,702,1076,3,574924928,Lưu
cY,public nro.cY();,769,1079,3,574924928,Hủy
cY,public static void iq();,54,2,1,574924928, 
cY,public static void iq();,89,3,2,574924928,  
cY,public static void iq();,245,5,3,574924928,   
cZ,public void run();,46,19306,1,574924928,:
cZ,public void run();,81,19306,1,574924928,:
cZ,public void run();,115,673,6,574924928,:0:0:0
cZ,public void run();,187,727,11,574924928,List_Server
cZ,public void run();,309,33035,57,574924928,"Đổi IP thành công, vui lòng thoát game để tải lại dữ liệu"
cZ,public static void is();,54,2,1,574924928, 
ca,public void co();,71,28027,23,574924928,ERR setSoundSkill_END: 
ca,public void co();,2480,28050,19,574924928,ERR create_Effect: 
ca,public final void gQ();,7129,28069,12,574924928,ERR update: 
ca,public void cB();,1627,28081,7,574924928,Skills_
ca,public void cB();,1660,28088,1,574924928,_
ca,public void cB();,1696,28088,1,574924928,_
ca,"public nro.ca(int, int, int, int, int, int, int, short, nro.cq[]);",32,28089,19,574924928,EffectEnd VecEffEnd
ca,public static void gR();,167,2,1,574924928, 
ca,public static void gR();,276,2,1,574924928, 
ca,public static void gR();,390,3,2,574924928,  
ca,public static void gR();,430,5,3,574924928,   
ca,public static void gR();,1241,2,1,574924928, 
ca,public static void gR();,4115,2,1,574924928, 
ca,"public nro.ca(int, int, int, nro.bv, nro.cq, int, short, short);",32,28089,19,574924928,EffectEnd VecEffEnd
ca,public static javax.microedition.lcdui.Image a(int);,45,28108,5,574924928,/e/e_
ca,public static javax.microedition.lcdui.Image a(int);,77,27526,4,574924928,.png
cb,public static void gS();,109,2,1,574924928, 
cb,public static void gS();,152,2,1,574924928, 
cb,public static void gS();,234,5,3,574924928,   
cc,public static void gT();,181,2,1,574924928, 
cc,public static void gT();,224,2,1,574924928, 
cc,public static void gT();,264,3,2,574924928,  
cc,public static void gT();,304,5,3,574924928,   
cc,public static void gT();,651,2,1,574924928, 
cc,public final void gU();,57,28203,4,574924928,"
|6|"
cc,public final void gU();,107,28207,3,574924928,"
--"
cc,public final void gU();,264,28210,8,574924928,"
|6|2|--"
cc,public final void gU();,299,28218,2,574924928,--
cc,public final void gU();,349,28210,8,574924928,"
|6|2|--"
cc,public final void gU();,384,28220,4,574924928, Lv.
cc,public final void gU();,417,28218,2,574924928,--
cc,public final void gU();,508,27691,1,574924928,1
cc,public final void gU();,543,28224,1,574924928,2
cc,public final void gU();,597,28224,1,574924928,2
cc,public final void gU();,648,28224,1,574924928,2
cc,public final void gU();,687,28225,2,574924928,"
|"
cc,public final void gU();,721,28227,3,574924928,|1|
cd,public static void gV();,54,3,2,574924928,  
cd,public static void gV();,113,2,1,574924928, 
cd,public static void gV();,518,5,3,574924928,   
cd,public static {};,13,28257,31,574924928,/mainImage/myTexture2dflare.png
cd,public static {};,32,28288,35,574924928,/mainImage/myTexture2ditemaura1.png
cd,public static {};,51,28323,35,574924928,/mainImage/myTexture2ditemaura2.png
cd,public static {};,70,28358,35,574924928,/mainImage/myTexture2ditemaura3.png
cf,public static void gX();,98,2,1,574924928, 
cg,public static {};,14,28393,8,574924928,vEffect3
cg,public static {};,37,28401,8,574924928,vEffect2
cg,public static {};,60,28409,11,574924928,vRemoveEff2
cg,public static {};,83,28420,11,574924928,vEffect2Out
cg,public static {};,106,28431,8,574924928,vAnimate
cg,public static {};,129,28439,11,574924928,vEffectFeet
ch,public static void gY();,173,2,1,574924928, 
ch,public static void gY();,216,2,1,574924928, 
ci,public static void gZ();,121,2,1,574924928, 
ci,public static void gZ();,161,5,3,574924928,   
ci,public static void gZ();,335,3,2,574924928,  
ci,public static void gZ();,566,2,1,574924928, 
ci,"public final void b(int, java.lang.String);",102,28450,7,574924928,title= 
cj,public nro.cj();,2108,0,2,574924928,/x
cj,public nro.cj();,2142,28457,12,574924928,/effectdata/
cj,public nro.cj();,2185,28469,5,574924928,/data
cj,public nro.cj();,2228,28474,23,574924928,/effectdata/102/img.png
cj,public nro.cj();,2285,0,2,574924928,/x
cj,public nro.cj();,2320,28457,12,574924928,/effectdata/
cj,public nro.cj();,2363,28469,5,574924928,/data
cj,public nro.cj();,2406,28497,23,574924928,/effectdata/103/img.png
cj,public static void ha();,130,3,2,574924928,  
cj,public static void ha();,170,2,1,574924928, 
cj,public static void ha();,210,2,1,574924928, 
cj,public static void ha();,319,5,3,574924928,   
cl,"public static nro.cl a(java.lang.String, int, nro.cJ);",32,28596,7,574924928,ADD POP
cl,"public static nro.cl a(java.lang.String, int, nro.cJ);",69,28603,5,574924928,!null
cl,"public static nro.cl a(java.lang.String, int, nro.cJ);",99,175,4,574924928,null
cl,public final void h(nro.bF);,569,28218,2,574924928,--
cl,public final void h(nro.bF);,734,785,1,574924928,|
cl,public final void h(nro.bF);,773,785,1,574924928,|
cl,public final void h(nro.bF);,1102,28608,1,574924928,<
cl,public final void h(nro.bF);,1141,28608,1,574924928,<
cl,public final void h(nro.bF);,1193,28609,1,574924928,>
cl,public final void h(nro.bF);,1325,2,1,574924928, 
cl,public final void h(nro.bF);,2209,28610,11,574924928,maxStarSlot
cl,"public final void c(nro.bF, int);",137,28218,2,574924928,--
cl,"public final void c(nro.bF, int);",296,785,1,574924928,|
cl,"public final void c(nro.bF, int);",335,785,1,574924928,|
cl,"public final void c(nro.bF, int);",568,28608,1,574924928,<
cl,"public final void c(nro.bF, int);",607,28608,1,574924928,<
cl,"public final void c(nro.bF, int);",659,28609,1,574924928,>
cl,"public final void c(nro.bF, int);",793,2,1,574924928, 
cl,public static void hc();,151,2,1,574924928, 
cl,public static void hc();,244,2,1,574924928, 
cl,public static void hc();,310,3,2,574924928,  
cl,public static void hc();,616,2,1,574924928, 
cl,public static void hc();,878,2,1,574924928, 
cl,public static void hc();,999,2,1,574924928, 
cl,public static void hc();,1081,5,3,574924928,   
cl,"public static nro.cl a(java.lang.String, int, nro.cJ, int);",32,28596,7,574924928,ADD POP
cl,"public static nro.cl a(java.lang.String, int, nro.cJ, int);",69,28603,5,574924928,!null
cl,"public static nro.cl a(java.lang.String, int, nro.cJ, int);",99,175,4,574924928,null
cn,public final void run();,455,2266,1,574924928,.
cn,public final void run();,513,28621,2,574924928,Kb
cn,public final void run();,912,2266,1,574924928,.
cn,public final void run();,970,28621,2,574924928,Kb
cn,public static void hd();,144,2,1,574924928, 
cn,public static void hd();,564,2,1,574924928, 
cn,public static void hd();,863,2,1,574924928, 
cn,public void k(nro.bV);,258,28623,13,574924928,====> getKey 
cn,public void k(nro.bV);,295,28636,14,574924928, co nect 2 is 
co,public void r(int);,114,2,1,574924928, 
co,public final void cp();,2034,28650,12,574924928,-upd--null: 
co,public final void h(nro.bF);,1265,1576,1,574924928,-
co,public final void h(nro.bF);,1396,1576,1,574924928,-
co,public final void h(nro.bF);,2343,28662,14,574924928,-paint--null: 
co,public nro.co();,1032,28676,10,574924928,/e/e_1.png
co,public nro.co();,1095,28686,10,574924928,/e/e_0.png
co,public nro.co();,1158,28696,10,574924928,/e/e_2.png
co,public nro.co();,1219,28706,11,574924928,/e/nut2.png
co,public nro.co();,1251,28717,11,574924928,/e/nut3.png
co,public static void hf();,109,2,1,574924928, 
co,public static void hf();,252,2,1,574924928, 
co,public static void hf();,292,3,2,574924928,  
co,public static void hf();,332,5,3,574924928,   
co,public static void hf();,1673,2,1,574924928, 
co,public static void hf();,1963,5,3,574924928,   
co,public static void hf();,2217,5,3,574924928,   
co,public static void hf();,2416,2,1,574924928, 
cq,public static void hg();,164,2,1,574924928, 
cq,public static void hg();,230,3,2,574924928,  
cq,public static void hg();,296,5,3,574924928,   
cr,public static void hi();,54,2,1,574924928, 
cr,public static void hi();,255,2,1,574924928, 
cs,public nro.cs();,32,738,14,574924928,infoWaitToShow
cs,public static {};,13,752,33,574924928,/mainImage/myTexture2dgocnhon.png
cs,"public final void d(nro.bF, int, int, int);",500,785,1,574924928,|
cs,"public final void d(nro.bF, int, int, int);",539,785,1,574924928,|
cs,"public final void d(nro.bF, int, int, int);",1454,786,14,574924928,Nhấn # để chat
cs,"public final void d(nro.bF, int, int, int);",1545,800,14,574924928,Nhấn Y để chat
cs,public static void hl();,166,2,1,574924928, 
cs,public static void hl();,209,2,1,574924928, 
cs,public static void hl();,372,3,2,574924928,  
cs,public static void hl();,490,5,3,574924928,   
cs,public static void hl();,636,2,1,574924928, 
ct,public nro.ct();,76,30656,8,574924928,vMobMove
ct,public final void ho();,71,30664,5,574924928,/Mob/
ct,public final void ho();,144,28469,5,574924928,/data
ct,public final void ho();,199,30669,8,574924928,/img.png
ct,public static void hp();,54,2,1,574924928, 
ct,public static void hp();,148,2,1,574924928, 
ct,public static void hp();,233,3,2,574924928,  
ct,public static void hp();,273,5,3,574924928,   
ct,public static void hp();,868,2,1,574924928, 
ct,public static void hp();,1523,5,3,574924928,   
ct,"public nro.ct(int, boolean, boolean, boolean, boolean, boolean, int, int, long, byte, long, short, short, byte, byte);",76,30656,8,574924928,vMobMove
ct,"public nro.ct(int, boolean, boolean, boolean, boolean, boolean, int, int, long, byte, long, short, short, byte, byte);",8468,30677,8,574924928,MOB ID= 
ct,public static {};,17,30685,7,574924928,lastMob
ct,public static {};,40,30692,6,574924928,newMob
ct,public static {};,59,30698,31,574924928,/mainImage/myTexture2dmobHP.png
cu,public static void hq();,54,3,2,574924928,  
cu,public static void hq();,89,2,1,574924928, 
cu,public static void hq();,220,2,1,574924928, 
cu,public static void hq();,649,5,3,574924928,   
cv,public static void c(boolean);,102,30758,4,574924928, [2]
cv,public static void hr();,166,2,1,574924928, 
cv,public static void hr();,206,3,2,574924928,  
cv,public static void hr();,406,2,1,574924928, 
cv,public static void hr();,447,5,3,574924928,   
cv,public static javax.microedition.lcdui.Image a(java.lang.String);,39,0,2,574924928,/x
cv,public static javax.microedition.lcdui.Image a(java.lang.String);,88,30762,15,574924928,path load rms= 
cv,public static javax.microedition.lcdui.Image a(java.lang.String);,135,2266,1,574924928,.
cv,public static javax.microedition.lcdui.Image a(java.lang.String);,186,28152,1,574924928,/
cv,public static javax.microedition.lcdui.Image a(java.lang.String);,234,30777,1,574924928,x
cv,public static {};,29,30778,20,574924928,/mainImage/black.png
cv,public static javax.microedition.lcdui.Image c(java.lang.String);,39,0,2,574924928,/x
cv,public static void d(boolean);,57,30798,4,574924928, [1]
cv,public static void d(boolean);,193,30802,32,574924928,===========> 2 vào OnconnectFail
cv,public static java.lang.String d(long);,113,30834,1,574924928,b
cv,public static java.lang.String d(long);,184,30835,1,574924928,m
cv,public static java.lang.String d(long);,268,1576,1,574924928,-
cv,public static java.lang.String d(long);,306,30836,1,574924928,k
cv,public static java.lang.String d(long);,478,672,1,574924928,","
cv,public static java.lang.String d(long);,569,672,1,574924928,","
cv,public static java.lang.String d(long);,646,1576,1,574924928,-
cw,public static {};,13,30837,23,574924928,/mainImage/btn0left.png
cw,public static {};,32,30860,22,574924928,/mainImage/btn0mid.png
cw,public static {};,51,30882,24,574924928,/mainImage/btn0right.png
cw,public static {};,70,30906,23,574924928,/mainImage/btn1left.png
cw,public static {};,89,30929,22,574924928,/mainImage/btn1mid.png
cw,public static {};,108,30951,24,574924928,/mainImage/btn1right.png
cw,public static void hs();,99,2,1,574924928, 
cw,public static void hs();,221,5,3,574924928,   
cw,public static void hs();,335,3,2,574924928,  
cy,public static void hv();,54,2,1,574924928, 
cz,public static void hw();,142,2,1,574924928, 
cz,public static void hw();,185,2,1,574924928, 
cz,public static void hw();,225,3,2,574924928,  
cz,public static void hw();,306,5,3,574924928,   
d,public static void q();,54,2,1,574924928, 
d,public static void q();,136,2,1,574924928, 
da,public nro.da();,32,969,9,574924928,Thiết Lập
da,public nro.da();,63,33609,22,574924928,• Đánh Chuyển Mục Tiêu
da,public nro.da();,134,2142,24,574924928,Theo Thời Gian Hồi Chiêu
da,public nro.da();,172,33631,24,574924928,Theo Thời Gian Tùy Chỉnh
da,public nro.da();,232,33655,34,574924928,Đánh chuyển mục tiêu sau X millis:
da,public nro.da();,306,1076,3,574924928,Lưu
da,public nro.da();,373,1079,3,574924928,Hủy
da,"public void commandAction(javax.microedition.lcdui.Command, javax.microedition.lcdui.Displayable);",163,33689,21,574924928,Setup_AutoChangeFocus
da,"public void commandAction(javax.microedition.lcdui.Command, javax.microedition.lcdui.Displayable);",308,947,22,574924928,Lưu cài đặt thành công
da,public static void it();,54,2,1,574924928, 
da,public static void it();,89,3,2,574924928,  
da,public static {};,26,33689,21,574924928,Setup_AutoChangeFocus
db,public static {};,20,35757,16,574924928,Mod by Hùng Hero
db,public static {};,44,35773,14,574924928,Setup_AutoChat
db,public static void iv();,54,2,1,574924928, 
db,public static void iv();,89,3,2,574924928,  
db,public static void iv();,221,2,1,574924928, 
db,public nro.db();,32,969,9,574924928,Thiết Lập
db,public nro.db();,63,35787,11,574924928,• Auto Chat
db,public nro.db();,133,35798,14,574924928,Chat Công Cộng
db,public nro.db();,171,35812,13,574924928,Chat Thế Giới
db,public nro.db();,231,35825,9,574924928,Nội dung:
db,public nro.db();,301,35834,18,574924928,Chat sau X millis:
db,public nro.db();,375,1076,3,574924928,Lưu
db,public nro.db();,442,1079,3,574924928,Hủy
db,"public void commandAction(javax.microedition.lcdui.Command, javax.microedition.lcdui.Displayable);",185,35773,14,574924928,Setup_AutoChat
db,"public void commandAction(javax.microedition.lcdui.Command, javax.microedition.lcdui.Displayable);",330,947,22,574924928,Lưu cài đặt thành công
dc,public static void iy();,106,37211,14,574924928,Setup_PickItem
dc,"public void commandAction(javax.microedition.lcdui.Command, javax.microedition.lcdui.Displayable);",104,947,22,574924928,Lưu cài đặt thành công
dc,public nro.dc();,32,969,9,574924928,Thiết Lập
dc,public nro.dc();,63,37225,11,574924928,• Auto Nhặt
dc,public nro.dc();,134,31900,7,574924928,Chạy Bộ
dc,public nro.dc();,173,31907,11,574924928,Dịch Chuyển
dc,public nro.dc();,212,31918,2,574924928,A*
dc,public nro.dc();,267,37236,13,574924928,• Chế Độ Nhặt
dc,public nro.dc();,343,27902,6,574924928,Tất Cả
dc,public nro.dc();,381,37249,7,574924928,ID Item
dc,public nro.dc();,441,37256,13,574924928,ID item nhặt:
dc,public nro.dc();,511,37269,19,574924928,ID item không nhặt:
dc,public nro.dc();,582,1076,3,574924928,Lưu
dc,public nro.dc();,649,1079,3,574924928,Hủy
dc,public static void iz();,54,2,1,574924928, 
dc,public static void iz();,89,5,3,574924928,   
dc,public static void iz();,177,3,2,574924928,  
dc,public static {};,28,37288,14,574924928,76;188;189;190
dc,public static {};,43,37302,15,574924928,342;343;344;345
dc,public static {};,58,37211,14,574924928,Setup_PickItem
dd,public static {};,20,38044,50,574924928,https://nro-controller-default-rtdb.firebaseio.com
dd,public static {};,40,38094,16,574924928,Setup_Controller
dd,"public void commandAction(javax.microedition.lcdui.Command, javax.microedition.lcdui.Displayable);",182,38094,16,574924928,Setup_Controller
dd,"public void commandAction(javax.microedition.lcdui.Command, javax.microedition.lcdui.Displayable);",327,947,22,574924928,Lưu cài đặt thành công
dd,public nro.dd();,32,969,9,574924928,Thiết Lập
dd,public nro.dd();,63,38110,18,574924928,• Điều Khiển Từ Xa
dd,public nro.dd();,134,991,3,574924928,Bật
dd,public nro.dd();,173,994,3,574924928,Tắt
dd,public nro.dd();,233,38128,13,574924928,FIREBASE URL:
dd,public nro.dd();,303,38141,7,574924928,UserID:
dd,public nro.dd();,374,1076,3,574924928,Lưu
dd,public nro.dd();,441,1079,3,574924928,Hủy
dd,public static void iB();,54,2,1,574924928, 
dd,public static void iB();,89,3,2,574924928,  
de,public static void iD();,54,2,1,574924928, 
de,public static void iD();,89,3,2,574924928,  
de,public static void iD();,177,5,3,574924928,   
de,public nro.de();,32,969,9,574924928,Thiết Lập
de,public nro.de();,63,39087,14,574924928,• Auto Kaioken
de,public nro.de();,133,39101,14,574924928,Nhảy Lên Xuống
de,public nro.de();,171,39115,18,574924928,Di Chuyển Đến Quái
de,public nro.de();,226,39133,15,574924928,• Di Chuyển Đến
de,public nro.de();,301,39148,11,574924928,Tất Cả Quái
de,public nro.de();,339,39159,13,574924928,Quái Chỉ Định
de,public nro.de();,394,39172,16,574924928,• Kiểu Di Chuyển
de,public nro.de();,470,31900,7,574924928,Chạy Bộ
de,public nro.de();,509,31907,11,574924928,Dịch Chuyển
de,public nro.de();,548,31918,2,574924928,A*
de,public nro.de();,609,1076,3,574924928,Lưu
de,public nro.de();,676,1079,3,574924928,Hủy
de,"public void commandAction(javax.microedition.lcdui.Command, javax.microedition.lcdui.Displayable);",135,39188,17,574924928,Setup_AutoKaioken
de,"public void commandAction(javax.microedition.lcdui.Command, javax.microedition.lcdui.Displayable);",280,947,22,574924928,Lưu cài đặt thành công
de,public static {};,36,39188,17,574924928,Setup_AutoKaioken
df,public nro.df();,32,969,9,574924928,Thiết Lập
df,public nro.df();,63,42644,8,574924928, • Proxy
df,public nro.df();,134,994,3,574924928,Tắt
df,public nro.df();,172,42652,4,574924928,HTTP
df,public nro.df();,210,42656,5,574924928,SOCK5
df,public nro.df();,271,655,3,574924928,IP:
df,public nro.df();,342,658,5,574924928,PORT:
df,public nro.df();,415,42661,5,574924928,USER:
df,public nro.df();,485,42666,9,574924928,PASSWORD:
df,public nro.df();,556,1076,3,574924928,Lưu
df,public nro.df();,623,1079,3,574924928,Hủy
df,public static void iE();,54,2,1,574924928, 
df,public static void iE();,89,5,3,574924928,   
df,public static void iE();,190,2,1,574924928, 
df,public static void iE();,233,3,2,574924928,  
df,"public void commandAction(javax.microedition.lcdui.Command, javax.microedition.lcdui.Displayable);",264,42675,11,574924928,Setup_Proxy
df,public static {};,43,42675,11,574924928,Setup_Proxy
dg,public nro.dg();,32,969,9,574924928,Thiết Lập
dg,public nro.dg();,64,1817,13,574924928,• Auto Porata
dg,public nro.dg();,135,1830,13,574924928,"Theo %HP, %MP"
dg,public nro.dg();,174,1009,14,574924928,Theo Thời Gian
dg,public nro.dg();,235,1843,9,574924928,"%HP, %MP:"
dg,public nro.dg();,309,1852,25,574924928,Dùng Porata sau X millis:
dg,public nro.dg();,378,1877,21,574924928,• Tách Hợp Thể Đệ Sẽ?
dg,public nro.dg();,454,1898,7,574924928,Đi Theo
dg,public nro.dg();,493,1905,6,574924928,Bảo Vệ
dg,public nro.dg();,532,1911,8,574924928,Tấn Công
dg,public nro.dg();,571,1919,6,574924928,Về Nhà
dg,public nro.dg();,632,1076,3,574924928,Lưu
dg,public nro.dg();,699,1079,3,574924928,Hủy
dg,public static {};,47,1925,16,574924928,Setup_AutoPorata
dg,"public void commandAction(javax.microedition.lcdui.Command, javax.microedition.lcdui.Displayable);",317,1925,16,574924928,Setup_AutoPorata
dg,"public void commandAction(javax.microedition.lcdui.Command, javax.microedition.lcdui.Displayable);",468,947,22,574924928,Lưu cài đặt thành công
dg,public static void iH();,54,2,1,574924928, 
dg,public static void iH();,89,3,2,574924928,  
dg,public static void iH();,189,2,1,574924928, 
dg,public static void iH();,301,5,3,574924928,   
dh,"public void commandAction(javax.microedition.lcdui.Command, javax.microedition.lcdui.Displayable);",236,45664,14,574924928,Setup_AutoPlay
dh,"public void commandAction(javax.microedition.lcdui.Command, javax.microedition.lcdui.Displayable);",361,947,22,574924928,Lưu cài đặt thành công
dh,public static {};,36,45678,2,574924928,-1
dh,public static {};,58,45678,2,574924928,-1
dh,public static {};,81,45680,7,574924928,100-200
dh,public static {};,96,45664,14,574924928,Setup_AutoPlay
dh,public nro.dh();,32,969,9,574924928,Thiết Lập
dh,public nro.dh();,63,45687,11,574924928,• Đánh Quái
dh,public nro.dh();,134,31900,7,574924928,Chạy Bộ
dh,public nro.dh();,173,31907,11,574924928,Dịch Chuyển
dh,public nro.dh();,212,31918,2,574924928,A*
dh,public nro.dh();,267,45698,16,574924928,• Chế Độ Tàn Sát
dh,public nro.dh();,342,45714,20,574924928,Chỉ đánh quái thường
dh,public nro.dh();,380,45734,18,574924928,Chỉ đánh siêu quái
dh,public nro.dh();,418,45752,21,574924928,Đánh quái theo vị trí
dh,public nro.dh();,456,45773,18,574924928,Đánh quái theo tên
dh,public nro.dh();,494,45791,20,574924928,Đánh quái hp min-max
dh,public nro.dh();,532,45811,16,574924928,Đánh tất cả quái
dh,public nro.dh();,587,45827,46,574924928,"• Né siêu quái khi dùng chế độ tàn sát 3, 4, 5"
dh,public nro.dh();,662,991,3,574924928,Bật
dh,public nro.dh();,701,994,3,574924928,Tắt
dh,public nro.dh();,761,45873,11,574924928,HP min-max:
dh,public nro.dh();,824,45884,25,574924928,• Chuyển Khu Khi Lag Quái
dh,public nro.dh();,900,991,3,574924928,Bật
dh,public nro.dh();,939,994,3,574924928,Tắt
dh,public nro.dh();,999,45909,14,574924928,Danh sách khu:
dh,public nro.dh();,1064,45923,25,574924928,• Chuyển Khu Khi Hết Quái
dh,public nro.dh();,1140,991,3,574924928,Bật
dh,public nro.dh();,1179,994,3,574924928,Tắt
dh,public nro.dh();,1239,45909,14,574924928,Danh sách khu:
dh,public nro.dh();,1308,1076,3,574924928,Lưu
dh,public nro.dh();,1375,1079,3,574924928,Hủy
dh,public static void iI();,54,2,1,574924928, 
dh,public static void iI();,89,5,3,574924928,   
dh,public static void iI();,177,3,2,574924928,  
di,public static void iL();,92,3,2,574924928,  
di,public static void iL();,156,2,1,574924928, 
di,"public void commandAction(javax.microedition.lcdui.Command, javax.microedition.lcdui.Displayable);",128,46239,14,574924928,Setup_AutoTDLT
di,"public void commandAction(javax.microedition.lcdui.Command, javax.microedition.lcdui.Displayable);",273,947,22,574924928,Lưu cài đặt thành công
di,public nro.di();,32,969,9,574924928,Thiết Lập
di,public nro.di();,63,46253,11,574924928,• Auto TDLT
di,public nro.di();,99,46264,7,574924928,Số phút
di,public nro.di();,171,46271,7,574924928,Số lần:
di,public nro.di();,245,1076,3,574924928,Lưu
di,public nro.di();,312,1079,3,574924928,Hủy
di,public static {};,29,46239,14,574924928,Setup_AutoTDLT
dj,public nro.dj();,32,969,9,574924928,Thiết Lập
dj,public nro.dj();,63,46278,12,574924928,• BackGround
dj,public nro.dj();,134,991,3,574924928,Bật
dj,public nro.dj();,173,994,3,574924928,Tắt
dj,public nro.dj();,233,46290,19,574924928,Đường dẫn hình ảnh:
dj,public nro.dj();,304,1076,3,574924928,Lưu
dj,public nro.dj();,371,1079,3,574924928,Hủy
dj,public static void iN();,54,2,1,574924928, 
dj,public static void iN();,89,3,2,574924928,  
dj,public static {};,25,46309,8,574924928,BG_Image
dj,"public void commandAction(javax.microedition.lcdui.Command, javax.microedition.lcdui.Displayable);",160,46309,8,574924928,BG_Image
dj,"public void commandAction(javax.microedition.lcdui.Command, javax.microedition.lcdui.Displayable);",308,947,22,574924928,Lưu cài đặt thành công
dk,"public void commandAction(javax.microedition.lcdui.Command, javax.microedition.lcdui.Displayable);",247,2107,15,574924928,Setup_AutoSkill
dk,"public void commandAction(javax.microedition.lcdui.Command, javax.microedition.lcdui.Displayable);",396,947,22,574924928,Lưu cài đặt thành công
dk,public static void iO();,54,2,1,574924928, 
dk,public static void iO();,89,3,2,574924928,  
dk,public nro.dk();,32,969,9,574924928,Thiết Lập
dk,public nro.dk();,64,2122,20,574924928,• Tái Tạo Năng Lượng
dk,public nro.dk();,135,2142,24,574924928,Theo Thời Gian Hồi Chiêu
dk,public nro.dk();,174,1830,13,574924928,"Theo %HP, %MP"
dk,public nro.dk();,235,2166,28,574924928,"%HP, %MP tái tạo năng lượng:"
dk,public nro.dk();,304,2194,19,574924928,• Tự Hồi Sinh Namek
dk,public nro.dk();,380,2142,24,574924928,Theo Thời Gian Hồi Chiêu
dk,public nro.dk();,419,1830,13,574924928,"Theo %HP, %MP"
dk,public nro.dk();,480,2213,27,574924928,"%HP, %MP tự hồi sinh Namek:"
dk,public nro.dk();,554,1076,3,574924928,Lưu
dk,public nro.dk();,621,1079,3,574924928,Hủy
dk,public static {};,47,2107,15,574924928,Setup_AutoSkill
dl,"public void commandAction(javax.microedition.lcdui.Command, javax.microedition.lcdui.Displayable);",383,19457,10,574924928,Setup_Char
dl,"public void commandAction(javax.microedition.lcdui.Command, javax.microedition.lcdui.Displayable);",532,947,22,574924928,Lưu cài đặt thành công
dl,public static void iR();,54,2,1,574924928, 
dl,public static void iR();,89,5,3,574924928,   
dl,public static void iR();,219,2,1,574924928, 
dl,public static void iR();,262,3,2,574924928,  
dl,public nro.dl();,32,969,9,574924928,Thiết Lập
dl,public nro.dl();,67,19467,17,574924928,• Buff Đậu Sư Phụ
dl,public nro.dl();,138,994,3,574924928,Tắt
dl,public nro.dl();,177,19484,11,574924928,Theo Chỉ Số
dl,public nro.dl();,216,1009,14,574924928,Theo Thời Gian
dl,public nro.dl();,277,19495,17,574924928,Chỉ số HP sư phụ:
dl,public nro.dl();,351,19512,17,574924928,Chỉ số KI sư phụ:
dl,public nro.dl();,425,19529,22,574924928,Buff đậu sau X millis:
dl,public nro.dl();,494,19551,16,574924928,• Buff Đậu Đệ Tử
dl,public nro.dl();,570,991,3,574924928,Bật
dl,public nro.dl();,609,994,3,574924928,Tắt
dl,public nro.dl();,670,19567,16,574924928,Chỉ số HP đệ tử:
dl,public nro.dl();,744,19583,16,574924928,Chỉ số KI đệ tử:
dl,public nro.dl();,816,19599,16,574924928,Chỉ số TL đệ tử:
dl,public nro.dl();,890,1076,3,574924928,Lưu
dl,public nro.dl();,955,1079,3,574924928,Hủy
dl,public static {};,82,19457,10,574924928,Setup_Char
dm,"public void commandAction(javax.microedition.lcdui.Command, javax.microedition.lcdui.Displayable);",339,27785,16,574924928,Setup_AttackBoss
dm,"public void commandAction(javax.microedition.lcdui.Command, javax.microedition.lcdui.Displayable);",490,947,22,574924928,Lưu cài đặt thành công
dm,public static {};,37,27801,11,574924928,super broly
dm,public static {};,61,27785,16,574924928,Setup_AttackBoss
dm,public nro.dm();,32,969,9,574924928,Thiết Lập
dm,public nro.dm();,67,27812,20,574924928,• Lọc Thông Báo Boss
dm,public nro.dm();,138,991,3,574924928,Bật
dm,public nro.dm();,177,994,3,574924928,Tắt
dm,public nro.dm();,233,27832,21,574924928,• Chuyển Khu Tìm Boss
dm,public nro.dm();,309,27853,13,574924928,Từ Trên Xuống
dm,public nro.dm();,348,27866,11,574924928,Từ Dưới Lên
dm,public nro.dm();,387,27877,10,574924928,Ngẫu Nhiên
dm,public nro.dm();,443,27887,15,574924928,• Tấn Công Boss
dm,public nro.dm();,519,27902,6,574924928,Tất Cả
dm,public nro.dm();,558,27908,14,574924928,Theo Tên và HP
dm,public nro.dm();,619,27922,9,574924928,Tên boss:
dm,public nro.dm();,690,27931,8,574924928,HP boss:
dm,public nro.dm();,763,1076,3,574924928,Lưu
dm,public nro.dm();,830,1079,3,574924928,Hủy
dm,public static void iT();,54,2,1,574924928, 
dm,public static void iT();,89,3,2,574924928,  
dm,public static void iT();,222,2,1,574924928, 
dm,public static void iT();,265,5,3,574924928,   
dn,public nro.dn();,32,639,11,574924928,Thêm Server
dn,public nro.dn();,68,650,5,574924928,NAME:
dn,public nro.dn();,126,655,3,574924928,IP:
dn,public nro.dn();,185,658,5,574924928,PORT:
dn,public nro.dn();,286,663,4,574924928,Thêm
dn,public nro.dn();,353,667,5,574924928,Thoát
dn,public static void iU();,135,2,1,574924928, 
dn,public static void iU();,278,3,2,574924928,  
dn,public static void iU();,391,2,1,574924928, 
dn,public static void iU();,431,2,1,574924928, 
dn,public static java.lang.String g(java.lang.String);,124,672,1,574924928,","
dn,public static java.lang.String g(java.lang.String);,161,673,6,574924928,:0:0:0
dn,public static java.lang.String g(java.lang.String);,193,673,6,574924928,:0:0:0
dn,public static java.lang.String g(java.lang.String);,269,672,1,574924928,","
dn,public static java.lang.String g(java.lang.String);,308,673,6,574924928,:0:0:0
dn,public static java.lang.String g(java.lang.String);,341,673,6,574924928,:0:0:0
dn,"public static java.lang.String c(java.lang.String, java.lang.String);",49,679,4,574924928,",0,0"
dn,"public static java.lang.String c(java.lang.String, java.lang.String);",120,672,1,574924928,","
dn,"public static java.lang.String c(java.lang.String, java.lang.String);",153,672,1,574924928,","
dn,"public static java.lang.String c(java.lang.String, java.lang.String);",192,672,1,574924928,","
dn,"public static java.lang.String c(java.lang.String, java.lang.String);",261,672,1,574924928,","
dn,public static {};,13,683,44,574924928,"Vũ trụ 1:dragon1.teamobi.com:14445:0:0:0,0,0"
dn,public static {};,29,727,11,574924928,List_Server
dn,"public static java.lang.String d(java.lang.String, java.lang.String);",32,679,4,574924928,",0,0"
dn,"public static java.lang.String d(java.lang.String, java.lang.String);",107,672,1,574924928,","
dn,"public static java.lang.String d(java.lang.String, java.lang.String);",158,672,1,574924928,","
do,public static {};,20,31246,3,574924928,225
do,public static {};,53,31249,16,574924928,Setup_FilterItem
do,public static void iW();,54,2,1,574924928, 
do,public static void iW();,89,3,2,574924928,  
do,public static void iW();,188,2,1,574924928, 
do,public nro.do();,32,969,9,574924928,Thiết Lập
do,public nro.do();,64,31265,8,574924928,• Lọc Đồ
do,public nro.do();,135,31273,6,574924928,Bán Đồ
do,public nro.do();,174,31279,6,574924928,Vứt Đồ
do,public nro.do();,235,31285,26,574924928,ID item muốn bán hoặc vứt:
do,public nro.do();,301,31311,12,574924928,• Bán Đồ Khi
do,public nro.do();,377,31323,14,574924928,Hành Trang Đầy
do,public nro.do();,416,31337,24,574924928,Hành Trang Còn X Ô Trống
do,public nro.do();,477,31361,36,574924928,Bán đồ khi hành trang còn X ô trống:
do,public nro.do();,551,1076,3,574924928,Lưu
do,public nro.do();,618,1079,3,574924928,Hủy
do,"public void commandAction(javax.microedition.lcdui.Command, javax.microedition.lcdui.Displayable);",244,31249,16,574924928,Setup_FilterItem
do,"public void commandAction(javax.microedition.lcdui.Command, javax.microedition.lcdui.Displayable);",393,947,22,574924928,Lưu cài đặt thành công
dp,public nro.dp();,32,969,9,574924928,Thiết Lập
dp,public nro.dp();,67,31894,6,574924928,• Xmap
dp,public nro.dp();,138,31900,7,574924928,Chạy Bộ
dp,public nro.dp();,177,31907,11,574924928,Dịch Chuyển
dp,public nro.dp();,216,31918,2,574924928,A*
dp,public nro.dp();,272,31920,20,574924928,• Dùng Capsule Nhanh
dp,public nro.dp();,348,991,3,574924928,Bật
dp,public nro.dp();,387,994,3,574924928,Tắt
dp,public nro.dp();,448,1076,3,574924928,Lưu
dp,public nro.dp();,515,1079,3,574924928,Hủy
dp,public static {};,29,31940,10,574924928,Setup_Xmap
dp,"public void commandAction(javax.microedition.lcdui.Command, javax.microedition.lcdui.Displayable);",117,31940,10,574924928,Setup_Xmap
dp,"public void commandAction(javax.microedition.lcdui.Command, javax.microedition.lcdui.Displayable);",262,947,22,574924928,Lưu cài đặt thành công
dp,public static void iZ();,54,2,1,574924928, 
dp,public static void iZ();,89,5,3,574924928,   
dp,public static void iZ();,177,3,2,574924928,  
e,public static void b(java.lang.String);,41,33259,6,574924928,tối đa
e,public static void b(java.lang.String);,75,33265,10,574924928,bạn chỉ có
e,public static void b(java.lang.String);,108,33275,12,574924928,bạn cần thêm
e,public static void b(java.lang.String);,139,33287,29,574924928,Vui lòng mở giới hạn sức mạnh
e,public void run();,287,33316,18,574924928,Không đủ tiềm năng
e,public void run();,795,8692,4,574924928,Xong
e,public static void r();,98,2,1,574924928, 
e,public static void r();,136,5,3,574924928,   
e,public static void r();,176,3,2,574924928,  
e,public static void r();,315,2,1,574924928, 
f,public static void u();,99,2,1,574924928, 
g,public static {};,12,33596,13,574924928,reduceGraphic
g,public static {};,31,19264,10,574924928,lowGraphic
g,public static void v();,54,2,1,574924928, 
g,public static void v();,213,2,1,574924928, 
g,public static void v();,256,2,1,574924928, 
g,public static void v();,322,3,2,574924928,  
h,public static {};,31,33710,6,574924928,HotKey
h,public static {};,53,33716,34,574924928,Nhấn phím bất kì để trở lại game!
h,public boolean a(java.lang.String);,33,33750,5,574924928,skill
h,public boolean a(java.lang.String);,87,33755,39,574924928,"Đang tải dữ liệu skill, vui lòng đợi..."
h,public boolean a(java.lang.String);,140,2,1,574924928, 
h,public boolean a(java.lang.String);,437,33794,8,574924928,Ô skill 
h,public boolean a(java.lang.String);,470,33802,14,574924928, không tồn tại
h,public boolean a(java.lang.String);,561,33794,8,574924928,Ô skill 
h,public boolean a(java.lang.String);,594,33816,6,574924928, trống
h,public boolean a(java.lang.String);,872,1240,7,574924928,Đã đặt 
h,public boolean a(java.lang.String);,913,1247,15,574924928, vào slot auto 
h,public boolean a(java.lang.String);,974,1262,17,574924928,Slot auto từ 1-10
h,public boolean a(java.lang.String);,1135,857,7,574924928,Đã xóa 
h,public boolean a(java.lang.String);,1175,33822,10,574924928, khỏi Auto
h,public boolean a(java.lang.String);,1246,33832,19,574924928, chưa có trong Auto
h,public boolean a(java.lang.String);,1312,33851,2,574924928,sm
h,public boolean a(java.lang.String);,1345,33853,2,574924928,mv
h,public boolean a(java.lang.String);,1377,33851,2,574924928,sm
h,public boolean a(java.lang.String);,1450,2,1,574924928, 
h,public boolean a(java.lang.String);,1549,33855,14,574924928,SmartMove to: 
h,public boolean a(java.lang.String);,1583,33869,2,574924928,", "
h,public boolean a(java.lang.String);,1642,33871,26,574924928,Sai định dạng! (sm/mv x y)
h,public boolean a(java.lang.String);,1692,33897,14,574924928,Lỗi: sm/mv x y
h,public boolean a(java.lang.String);,1742,33911,4,574924928,tdlt
h,public boolean a(java.lang.String);,1783,33915,19,574924928,Bạn chưa bật goback
h,public boolean a(java.lang.String);,1851,33934,14,574924928,Auto TDLT: Tắt
h,public boolean a(java.lang.String);,1913,33948,14,574924928,Auto TDLT: Bật
h,public boolean a(java.lang.String);,1966,33962,2,574924928,hd
h,public boolean a(java.lang.String);,2018,33964,3,574924928,gsm
h,public boolean a(java.lang.String);,2094,33967,18,574924928,Giảm sức mạnh: Tắt
h,public boolean a(java.lang.String);,2145,33985,2,574924928,sb
h,public boolean a(java.lang.String);,2223,33987,10,574924928,Săn boss: 
h,public boolean a(java.lang.String);,2258,991,3,574924928,Bật
h,public boolean a(java.lang.String);,2289,994,3,574924928,Tắt
h,public boolean a(java.lang.String);,2347,33997,2,574924928,xy
h,public boolean a(java.lang.String);,2389,33999,3,574924928,x: 
h,public boolean a(java.lang.String);,2426,34002,7,574924928, -  y: 
h,public boolean a(java.lang.String);,2493,34009,6,574924928,hotkey
h,public boolean a(java.lang.String);,2525,33710,6,574924928,HotKey
h,public boolean a(java.lang.String);,2630,34015,10,574924928,Phím tắt: 
h,public boolean a(java.lang.String);,2666,991,3,574924928,Bật
h,public boolean a(java.lang.String);,2698,994,3,574924928,Tắt
h,public boolean a(java.lang.String);,2756,34025,8,574924928,checklag
h,public boolean a(java.lang.String);,2834,34033,11,574924928,Check lag: 
h,public boolean a(java.lang.String);,2869,991,3,574924928,Bật
h,public boolean a(java.lang.String);,2902,994,3,574924928,Tắt
h,public boolean a(java.lang.String);,2960,34044,3,574924928,ahs
h,public boolean a(java.lang.String);,3059,34047,15,574924928,Auto hồi sinh: 
h,public boolean a(java.lang.String);,3094,991,3,574924928,Bật
h,public boolean a(java.lang.String);,3127,994,3,574924928,Tắt
h,public boolean a(java.lang.String);,3180,34062,36,574924928,Phải có tối thiểu 1 ngọc để hồi sinh
h,public boolean a(java.lang.String);,3234,29696,1,574924928,g
h,public boolean a(java.lang.String);,3305,34098,20,574924928,Hãy trỏ vào mục tiêu
h,public boolean a(java.lang.String);,3382,34118,6,574924928,Goto: 
h,public boolean a(java.lang.String);,3480,34118,6,574924928,Goto: 
h,public boolean a(java.lang.String);,3578,34118,6,574924928,Goto: 
h,public boolean a(java.lang.String);,3678,34118,6,574924928,Goto: 
h,public boolean a(java.lang.String);,3752,34124,3,574924928,akb
h,public boolean a(java.lang.String);,3831,34127,15,574924928,Tấn công boss: 
h,public boolean a(java.lang.String);,3866,991,3,574924928,Bật
h,public boolean a(java.lang.String);,3897,994,3,574924928,Tắt
h,public boolean a(java.lang.String);,3955,34142,5,574924928,ahsnm
h,public boolean a(java.lang.String);,4053,34147,15,574924928,Auto HS namek: 
h,public boolean a(java.lang.String);,4088,991,3,574924928,Bật
h,public boolean a(java.lang.String);,4120,994,3,574924928,Tắt
h,public boolean a(java.lang.String);,4174,34162,20,574924928,Bạn không phải Namek
h,public boolean a(java.lang.String);,4227,34182,3,574924928,ats
h,public boolean a(java.lang.String);,4304,34185,12,574924928,Auto skill: 
h,public boolean a(java.lang.String);,4339,991,3,574924928,Bật
h,public boolean a(java.lang.String);,4372,994,3,574924928,Tắt
h,public boolean a(java.lang.String);,4431,34197,3,574924928,apk
h,public boolean a(java.lang.String);,4490,27958,17,574924928,Hãy trỏ vào người
h,public boolean a(java.lang.String);,4543,34200,3,574924928,akn
h,public boolean a(java.lang.String);,4621,34203,22,574924928,Đánh chuyển mục tiêu: 
h,public boolean a(java.lang.String);,4656,991,3,574924928,Bật
h,public boolean a(java.lang.String);,4686,994,3,574924928,Tắt
h,public boolean a(java.lang.String);,4743,34225,2,574924928,ak
h,public boolean a(java.lang.String);,4821,34227,9,574924928,Tự đánh: 
h,public boolean a(java.lang.String);,4856,991,3,574924928,Bật
h,public boolean a(java.lang.String);,4888,994,3,574924928,Tắt
h,public boolean a(java.lang.String);,4944,34236,4,574924928,move
h,public boolean a(java.lang.String);,5002,34240,16,574924928,Hãy trỏ vào quái
h,public boolean a(java.lang.String);,5054,29410,5,574924928,anhat
h,public boolean a(java.lang.String);,5123,34256,14,574924928,Auto nhặt: Tắt
h,public boolean a(java.lang.String);,5184,34270,14,574924928,Auto nhặt: Bật
h,public boolean a(java.lang.String);,5237,34284,3,574924928,atc
h,public boolean a(java.lang.String);,5316,34287,11,574924928,Auto chat: 
h,public boolean a(java.lang.String);,5351,991,3,574924928,Bật
h,public boolean a(java.lang.String);,5384,994,3,574924928,Tắt
h,public boolean a(java.lang.String);,5444,29415,5,574924928,locdo
h,public boolean a(java.lang.String);,5497,33915,19,574924928,Bạn chưa bật goback
h,public boolean a(java.lang.String);,5593,34298,8,574924928,Lọc đồ: 
h,public boolean a(java.lang.String);,5629,991,3,574924928,Bật
h,public boolean a(java.lang.String);,5661,994,3,574924928,Tắt
h,public boolean a(java.lang.String);,5721,29358,3,574924928,acn
h,public boolean a(java.lang.String);,5816,34306,20,574924928,Auto dùng Cuồng nộ: 
h,public boolean a(java.lang.String);,5852,991,3,574924928,Bật
h,public boolean a(java.lang.String);,5884,994,3,574924928,Tắt
h,public boolean a(java.lang.String);,5939,34326,15,574924928,Đã hết Cuồng nộ
h,public boolean a(java.lang.String);,5993,29361,3,574924928,abh
h,public boolean a(java.lang.String);,6089,34341,20,574924928,Auto dùng Bổ huyết: 
h,public boolean a(java.lang.String);,6124,991,3,574924928,Bật
h,public boolean a(java.lang.String);,6156,994,3,574924928,Tắt
h,public boolean a(java.lang.String);,6211,34361,15,574924928,Đã hết Bổ huyết
h,public boolean a(java.lang.String);,6264,29364,3,574924928,abk
h,public boolean a(java.lang.String);,6359,34376,18,574924928,Auto dùng Bổ khí: 
h,public boolean a(java.lang.String);,6394,991,3,574924928,Bật
h,public boolean a(java.lang.String);,6426,994,3,574924928,Tắt
h,public boolean a(java.lang.String);,6480,34394,13,574924928,Đã hết Bổ khí
h,public boolean a(java.lang.String);,6534,29367,3,574924928,agx
h,public boolean a(java.lang.String);,6628,34407,20,574924928,Auto dùng Giáp xên: 
h,public boolean a(java.lang.String);,6664,991,3,574924928,Bật
h,public boolean a(java.lang.String);,6695,994,3,574924928,Tắt
h,public boolean a(java.lang.String);,6749,34427,15,574924928,Đã hết Giáp xên
h,public boolean a(java.lang.String);,6803,29370,3,574924928,aad
h,public boolean a(java.lang.String);,6899,34442,19,574924928,Auto dùng Ẩn danh: 
h,public boolean a(java.lang.String);,6934,991,3,574924928,Bật
h,public boolean a(java.lang.String);,6966,994,3,574924928,Tắt
h,public boolean a(java.lang.String);,7020,34461,14,574924928,Đã hết Ẩn danh
h,public boolean a(java.lang.String);,7074,29373,3,574924928,akt
h,public boolean a(java.lang.String);,7170,34475,22,574924928,Auto dùng Khẩu trang: 
h,public boolean a(java.lang.String);,7205,991,3,574924928,Bật
h,public boolean a(java.lang.String);,7237,994,3,574924928,Tắt
h,public boolean a(java.lang.String);,7291,34497,17,574924928,Đã hết Khẩu trang
h,public boolean a(java.lang.String);,7345,29376,3,574924928,amd
h,public boolean a(java.lang.String);,7440,34514,18,574924928,Auto dùng Máy dò: 
h,public boolean a(java.lang.String);,7476,991,3,574924928,Bật
h,public boolean a(java.lang.String);,7506,994,3,574924928,Tắt
h,public boolean a(java.lang.String);,7561,34532,13,574924928,Đã hết Máy dò
h,public boolean a(java.lang.String);,7612,34545,4,574924928,cskb
h,public boolean a(java.lang.String);,7705,34549,23,574924928,Auto mở capsule kì bí: 
h,public boolean a(java.lang.String);,7741,991,3,574924928,Bật
h,public boolean a(java.lang.String);,7773,994,3,574924928,Tắt
h,public boolean a(java.lang.String);,7827,34572,20,574924928,Đã hết Capsule kì bí
h,public boolean a(java.lang.String);,7877,29350,6,574924928,alogin
h,public boolean a(java.lang.String);,7954,34592,16,574924928,Tự kết nối lại: 
h,public boolean a(java.lang.String);,7988,991,3,574924928,Bật
h,public boolean a(java.lang.String);,8020,994,3,574924928,Tắt
h,public boolean a(java.lang.String);,8078,29356,2,574924928,sz
h,public boolean a(java.lang.String);,8167,34608,15,574924928,Về lại khu cũ: 
h,public boolean a(java.lang.String);,8203,991,3,574924928,Bật
h,public boolean a(java.lang.String);,8235,994,3,574924928,Tắt
h,public boolean a(java.lang.String);,8293,34623,3,574924928,xdh
h,public boolean a(java.lang.String);,8325,33596,13,574924928,reduceGraphic
h,public boolean a(java.lang.String);,8431,34626,12,574924928,Xóa đồ hoạ: 
h,public boolean a(java.lang.String);,8467,991,3,574924928,Bật
h,public boolean a(java.lang.String);,8500,994,3,574924928,Tắt
h,public boolean a(java.lang.String);,8558,29165,2,574924928,ts
h,public boolean a(java.lang.String);,8637,34638,9,574924928,Tàn sát: 
h,public boolean a(java.lang.String);,8673,991,3,574924928,Bật
h,public boolean a(java.lang.String);,8705,994,3,574924928,Tắt
h,public boolean a(java.lang.String);,8764,34647,3,574924928,add
h,public boolean a(java.lang.String);,8823,34240,16,574924928,Hãy trỏ vào quái
h,public boolean a(java.lang.String);,8875,34650,4,574924928,addd
h,public boolean a(java.lang.String);,8932,34240,16,574924928,Hãy trỏ vào quái
h,public boolean a(java.lang.String);,8984,34654,4,574924928,rsvt
h,public boolean a(java.lang.String);,9030,34658,46,574924928,Xóa tất cả vị trí quái trong danh sách tàn sát
h,public boolean a(java.lang.String);,9084,29161,4,574924928,xmap
h,public boolean a(java.lang.String);,9135,29542,2,574924928,gb
h,public boolean a(java.lang.String);,9218,34704,11,574924928,Goback: Tắt
h,public boolean a(java.lang.String);,9281,34715,11,574924928,Goback: Bật
h,public boolean a(java.lang.String);,9335,29187,7,574924928,annguoi
h,public boolean a(java.lang.String);,9367,30729,10,574924928,RemoveChar
h,public boolean a(java.lang.String);,9473,34726,10,574924928,Ẩn người: 
h,public boolean a(java.lang.String);,9508,991,3,574924928,Bật
h,public boolean a(java.lang.String);,9540,994,3,574924928,Tắt
h,public boolean a(java.lang.String);,9600,29194,6,574924928,anquai
h,public boolean a(java.lang.String);,9631,30739,9,574924928,RemoveMob
h,public boolean a(java.lang.String);,9739,34736,9,574924928,Ẩn quái: 
h,public boolean a(java.lang.String);,9775,991,3,574924928,Bật
h,public boolean a(java.lang.String);,9808,994,3,574924928,Tắt
h,public boolean a(java.lang.String);,9866,29200,6,574924928,anitem
h,public boolean a(java.lang.String);,9898,30748,10,574924928,RemoveItem
h,public boolean a(java.lang.String);,10005,34745,9,574924928,Ẩn item: 
h,public boolean a(java.lang.String);,10040,991,3,574924928,Bật
h,public boolean a(java.lang.String);,10073,994,3,574924928,Tắt
h,public boolean a(java.lang.String);,10132,34754,4,574924928,anho
h,public boolean a(java.lang.String);,10210,34758,15,574924928,Auto dùng Nho: 
h,public boolean a(java.lang.String);,10245,991,3,574924928,Bật
h,public boolean a(java.lang.String);,10277,994,3,574924928,Tắt
h,public boolean a(java.lang.String);,10336,34773,3,574924928,abt
h,public boolean a(java.lang.String);,10415,34776,18,574924928,Auto dùng Porata: 
h,public boolean a(java.lang.String);,10450,991,3,574924928,Bật
h,public boolean a(java.lang.String);,10481,994,3,574924928,Tắt
h,public boolean a(java.lang.String);,10541,29524,6,574924928,xindau
h,public boolean a(java.lang.String);,10620,34794,14,574924928,Auto xin đậu: 
h,public boolean a(java.lang.String);,10655,991,3,574924928,Bật
h,public boolean a(java.lang.String);,10687,994,3,574924928,Tắt
h,public boolean a(java.lang.String);,10746,29530,6,574924928,chodau
h,public boolean a(java.lang.String);,10823,34808,14,574924928,Auto cho đậu: 
h,public boolean a(java.lang.String);,10858,991,3,574924928,Bật
h,public boolean a(java.lang.String);,10890,994,3,574924928,Tắt
h,public boolean a(java.lang.String);,10948,29536,6,574924928,thudau
h,public boolean a(java.lang.String);,11026,34822,14,574924928,Auto thu đậu: 
h,public boolean a(java.lang.String);,11062,991,3,574924928,Bật
h,public boolean a(java.lang.String);,11093,994,3,574924928,Tắt
h,public boolean a(java.lang.String);,11153,29494,5,574924928,cflag
h,public boolean a(java.lang.String);,11232,34836,18,574924928,Treo cờ chống PK: 
h,public boolean a(java.lang.String);,11268,991,3,574924928,Bật
h,public boolean a(java.lang.String);,11299,994,3,574924928,Tắt
h,public boolean a(java.lang.String);,11357,1573,3,574924928,out
h,public boolean a(java.lang.String);,11435,34854,26,574924928,Thoát khi sức mạnh đệ đạt 
h,public boolean a(java.lang.String);,11473,17903,2,574924928,: 
h,public boolean a(java.lang.String);,11509,991,3,574924928,Bật
h,public boolean a(java.lang.String);,11541,994,3,574924928,Tắt
h,public boolean a(java.lang.String);,11598,29516,3,574924928,kok
h,public boolean a(java.lang.String);,11677,34880,14,574924928,Auto kaioken: 
h,public boolean a(java.lang.String);,11712,991,3,574924928,Bật
h,public boolean a(java.lang.String);,11744,994,3,574924928,Tắt
h,public boolean a(java.lang.String);,11803,29519,2,574924928,nb
h,public boolean a(java.lang.String);,11879,34894,23,574924928,Chuyển khu tránh boss: 
h,public boolean a(java.lang.String);,11914,991,3,574924928,Bật
h,public boolean a(java.lang.String);,11947,994,3,574924928,Tắt
h,public boolean a(java.lang.String);,12006,29521,3,574924928,kvt
h,public boolean a(java.lang.String);,12091,34917,18,574924928,"Khoá vị trí:
Map: "
h,public boolean a(java.lang.String);,12126,34935,9,574924928,"
Toạ độ: "
h,public boolean a(java.lang.String);,12160,34944,3,574924928, - 
h,public boolean a(java.lang.String);,12234,34947,16,574924928,Khoá vị trí: Tắt
h,public boolean a(java.lang.String);,12286,34963,4,574924928,ttnl
h,public boolean a(java.lang.String);,12364,34967,25,574924928,Auto tái tạo năng lượng: 
h,public boolean a(java.lang.String);,12400,991,3,574924928,Bật
h,public boolean a(java.lang.String);,12431,994,3,574924928,Tắt
h,public boolean a(java.lang.String);,12485,34992,2,574924928,fb
h,public boolean a(java.lang.String);,12563,34994,12,574924928,Focus boss: 
h,public boolean a(java.lang.String);,12598,991,3,574924928,Bật
h,public boolean a(java.lang.String);,12631,994,3,574924928,Tắt
h,public boolean a(java.lang.String);,12690,35006,7,574924928,additem
h,public boolean a(java.lang.String);,12723,2,1,574924928, 
h,public boolean a(java.lang.String);,12821,1577,17,574924928,Đã cập nhật item 
h,public boolean a(java.lang.String);,12853,1594,9,574924928, vào auto
h,public boolean a(java.lang.String);,12908,35013,36,574924928,Sai định dạng! (additem id effectId)
h,public boolean a(java.lang.String);,12957,35049,11,574924928,Lỗi additem
h,public boolean a(java.lang.String);,13006,35060,7,574924928,delitem
h,public boolean a(java.lang.String);,13040,2,1,574924928, 
h,public boolean a(java.lang.String);,13104,1952,1,574924928,;
h,public boolean a(java.lang.String);,13191,1576,1,574924928,-
h,public boolean a(java.lang.String);,13249,1952,1,574924928,;
h,public boolean a(java.lang.String);,13317,1629,10,574924928,ItemConfig
h,public boolean a(java.lang.String);,13361,35067,12,574924928,Đã xóa item 
h,public boolean a(java.lang.String);,13393,35079,10,574924928, khỏi auto
h,public boolean a(java.lang.String);,13441,35089,20,574924928,Không tìm thấy item 
h,public boolean a(java.lang.String);,13480,35109,27,574924928,Sai định dạng! (delitem id)
h,public boolean a(java.lang.String);,13510,35136,11,574924928,Lỗi delitem
h,public boolean a(java.lang.String);,13537,35147,8,574924928,listitem
h,public boolean a(java.lang.String);,13576,35155,25,574924928,Danh sách auto item trống
h,public boolean a(java.lang.String);,13612,35180,11,574924928,Auto item: 
h,public boolean a(java.lang.String);,13650,35191,3,574924928,anv
h,public boolean a(java.lang.String);,13703,35194,15,574924928,Auto nhiệm vụ: 
h,public boolean a(java.lang.String);,13724,991,3,574924928,Bật
h,public boolean a(java.lang.String);,13742,994,3,574924928,Tắt
h,public static void w();,33,30078,10,574924928,ReadMe.txt
h,public static void w();,66,1407,11,574924928,RangeTanSat
h,public static void w();,105,1347,16,574924928,DistanceAutoPick
h,public static void w();,136,1347,16,574924928,DistanceAutoPick
h,public static void w();,172,1456,9,574924928,SpeedChar
h,public static void w();,205,1456,9,574924928,SpeedChar
h,public static void w();,241,1499,9,574924928,SpeedGame
h,public static void w();,274,1499,9,574924928,SpeedGame
h,public static void w();,309,1532,7,574924928,ColorBG
h,public static void w();,342,1532,7,574924928,ColorBG
h,public static void w();,378,1565,8,574924928,PowerPet
h,public static void w();,411,1565,8,574924928,PowerPet
h,public static void w();,447,1477,9,574924928,DelayXmap
h,public static void w();,479,1477,9,574924928,DelayXmap
h,public static void w();,515,1433,10,574924928,DelayLogin
h,public static void w();,548,1433,10,574924928,DelayLogin
h,public static void w();,584,1629,10,574924928,ItemConfig
h,public static void w();,617,1629,10,574924928,ItemConfig
h,public boolean c(java.lang.String);,256,35209,3,574924928,kts
h,public boolean c(java.lang.String);,332,1303,26,574924928,Không thể đặt giá trị <= 0
h,public boolean c(java.lang.String);,413,1379,21,574924928,Khoảng cách tàn sát: 
h,public boolean c(java.lang.String);,451,1400,6,574924928, tại (
h,public boolean c(java.lang.String);,487,672,1,574924928,","
h,public boolean c(java.lang.String);,523,1406,1,574924928,)
h,public boolean c(java.lang.String);,570,1407,11,574924928,RangeTanSat
h,public boolean c(java.lang.String);,620,30777,1,574924928,x
h,public boolean c(java.lang.String);,663,1329,18,574924928,Khoảng cách nhặt: 
h,public boolean c(java.lang.String);,718,1347,16,574924928,DistanceAutoPick
h,public boolean c(java.lang.String);,766,35212,1,574924928,s
h,public boolean c(java.lang.String);,813,1443,13,574924928,Tốc độ chạy: 
h,public boolean c(java.lang.String);,864,1456,9,574924928,SpeedChar
h,public boolean c(java.lang.String);,912,35213,2,574924928,mk
h,public boolean c(java.lang.String);,947,31900,7,574924928,Chạy Bộ
h,public boolean c(java.lang.String);,990,31907,11,574924928,Dịch Chuyển
h,public boolean c(java.lang.String);,1034,31918,2,574924928,A*
h,public boolean c(java.lang.String);,1070,35215,19,574924928,Di chuyển Kaioken: 
h,public boolean c(java.lang.String);,1135,35234,2,574924928,td
h,public boolean c(java.lang.String);,1213,1486,13,574924928,Tốc độ game: 
h,public boolean c(java.lang.String);,1263,1499,9,574924928,SpeedGame
h,public boolean c(java.lang.String);,1307,1508,24,574924928,Tốc độ game từ 0 đến 100
h,public boolean c(java.lang.String);,1361,30836,1,574924928,k
h,public boolean c(java.lang.String);,1411,35236,4,574924928,view
h,public boolean c(java.lang.String);,1482,35240,9,574924928,PaintBoss
h,public boolean c(java.lang.String);,1590,35249,16,574924928,Thông báo boss: 
h,public boolean c(java.lang.String);,1623,991,3,574924928,Bật
h,public boolean c(java.lang.String);,1656,994,3,574924928,Tắt
h,public boolean c(java.lang.String);,1707,35265,9,574924928,PaintChar
h,public boolean c(java.lang.String);,1814,35274,25,574924928,Người và boss trong map: 
h,public boolean c(java.lang.String);,1850,991,3,574924928,Bật
h,public boolean c(java.lang.String);,1882,994,3,574924928,Tắt
h,public boolean c(java.lang.String);,1934,35299,8,574924928,InfoChar
h,public boolean c(java.lang.String);,2038,35307,18,574924928,Thông tin sư phụ: 
h,public boolean c(java.lang.String);,2074,991,3,574924928,Bật
h,public boolean c(java.lang.String);,2106,994,3,574924928,Tắt
h,public boolean c(java.lang.String);,2157,35325,7,574924928,InfoPet
h,public boolean c(java.lang.String);,2262,35332,17,574924928,Thông tin đệ tử: 
h,public boolean c(java.lang.String);,2298,991,3,574924928,Bật
h,public boolean c(java.lang.String);,2330,994,3,574924928,Tắt
h,public boolean c(java.lang.String);,2381,35349,6,574924928,InfoUp
h,public boolean c(java.lang.String);,2489,35355,14,574924928,Thông tin up: 
h,public boolean c(java.lang.String);,2525,991,3,574924928,Bật
h,public boolean c(java.lang.String);,2557,994,3,574924928,Tắt
h,public boolean c(java.lang.String);,2608,35369,9,574924928,CheckInfo
h,public boolean c(java.lang.String);,2715,35378,17,574924928,Check thông tin: 
h,public boolean c(java.lang.String);,2750,991,3,574924928,Bật
h,public boolean c(java.lang.String);,2782,994,3,574924928,Tắt
h,public static void y();,77,2,1,574924928, 
h,public static void y();,207,2,1,574924928, 
h,public static void y();,331,3,2,574924928,  
h,public static void y();,413,2,1,574924928, 
h,public static void y();,481,5,3,574924928,   
i,public void a(int[]);,267,28931,10,574924928,< Quay lại
i,public void a(int[]);,311,35395,13,574924928,XMAP - BẢN ĐỒ
i,public static void A();,54,3,2,574924928,  
i,public static void A();,178,2,1,574924928, 
i,public static void A();,1324,5,3,574924928,   
i,public static void A();,4990,3,2,574924928,  
i,public static void A();,5171,2,1,574924928, 
i,public static void C();,35,5399,8,574924928,Trái đất
i,public static void C();,70,5407,5,574924928,Namếc
i,public static void C();,104,5412,5,574924928,Xayda
i,public static void C();,138,35408,4,574924928,Fide
i,public static void C();,173,35412,9,574924928,Tương lai
i,public static void C();,208,35421,4,574924928,Cold
i,public static void C();,243,35425,12,574924928,Ngũ Hành Sơn
i,public static void C();,278,35437,8,574924928,Potaufeu
i,public static void C();,313,35445,7,574924928,Yardart
i,public static void C();,348,35452,8,574924928,Bang hội
i,public static java.lang.String a(int);,61,35460,5,574924928," 23
["
i,public static java.lang.String a(int);,90,35465,1,574924928,]
i,public static java.lang.String a(int);,143,35466,11,574924928,"Siêu hạng
["
i,public static java.lang.String a(int);,174,35465,1,574924928,]
i,public static java.lang.String a(int);,221,35477,2,574924928,"
["
i,public static java.lang.String a(int);,253,35465,1,574924928,]
i,"public void a(int, java.lang.Object);",109,35479,10,574924928,Đang đến: 
i,public static void e(int);,109,35489,19,574924928,Không thể thực hiện
i,public static void x();,277,35508,29,574924928,Hãy hoàn thành nhiệm vụ trước
i,public static void x();,339,35537,8,574924928,Đã đến: 
i,public void F();,51,28931,10,574924928,< Quay lại
i,public void F();,164,35545,16,574924928,XMAP - HÀNH TINH
i,public void G();,51,28931,10,574924928,< Quay lại
i,public void G();,120,5399,8,574924928,Trái đất
i,public void G();,157,5407,5,574924928,Namếc
i,public void G();,196,5412,5,574924928,Xayda
i,public void G();,234,35452,8,574924928,Bang hội
i,public void G();,272,35408,4,574924928,Fide
i,public void G();,310,35445,7,574924928,Yardart
i,public void G();,348,35412,9,574924928,Tương lai
i,public void G();,386,35421,4,574924928,Cold
i,public void G();,424,35425,12,574924928,Ngũ Hành Sơn
i,public void G();,462,35437,8,574924928,Potaufeu
i,public void G();,568,35545,16,574924928,XMAP - HÀNH TINH
i,public static void f(int);,170,35561,27,574924928,Không thể tìm thấy đường đi
j,public static void H();,277,1103,3,574924928,pảy
j,public static void L();,284,1106,5,574924928,karin
j,public static void x();,153,1106,5,574924928,karin
j,public static void x();,215,1103,3,574924928,pảy
j,public static void x();,399,1111,5,574924928,Xong!
j,public static void h(int);,277,1116,24,574924928,"Thưởng
Bùa 1h
ngẫu nhiên"
j,public static void N();,529,1140,6,574924928,đồng ý
j,public static void N();,573,1146,6,574924928,dong y
j,public static void N();,617,1152,9,574924928,chấp nhận
j,public static void N();,661,1161,8,574924928,xác nhận
j,public static void N();,705,1169,8,574924928,xac nhan
j,public static void N();,749,1177,2,574924928,có
j,public static void N();,793,1179,5,574924928,chiến
j,public static void N();,837,1184,2,574924928,ok
j,public static void N();,1000,1186,9,574924928,thách đấu
j,public static void N();,1044,1195,9,574924928,thach dau
j,public static void W();,171,2,1,574924928, 
j,public static void W();,212,2,1,574924928, 
j,public static void W();,413,5,3,574924928,   
j,public static void W();,804,3,2,574924928,  
j,public static void W();,1068,5,3,574924928,   
j,public static void Y();,588,1204,8,574924928,nhiệm vụ
j,public static void Y();,633,1212,8,574924928,nhiem vu
j,public static void Y();,805,1220,10,574924928,nói chuyện
j,public static void Y();,850,1230,10,574924928,noi chuyen
k,public static {};,16,35634,8,574924928,drawPath
k,public static {};,38,35642,9,574924928,startPath
k,"public static void c(int, int);",192,35651,24,574924928,Không tìm thấy đường đi!
k,public static void aa();,174,2,1,574924928, 
k,public static void aa();,217,2,1,574924928, 
k,public static void aa();,357,3,2,574924928,  
k,public static void aa();,397,2,1,574924928, 
l,public static void ac();,54,2,1,574924928, 
l,public static void ac();,147,2,1,574924928, 
l,public static void ac();,232,3,2,574924928,  
l,public static void ac();,272,5,3,574924928,   
m,public static void af();,54,2,1,574924928, 
m,public static void af();,136,2,1,574924928, 
n,public static void ag();,141,2,1,574924928, 
n,public static void ag();,184,2,1,574924928, 
n,public static void ag();,250,2,1,574924928, 
n,public static void ag();,316,3,2,574924928,  
n,public static boolean e(java.lang.String);,420,1240,7,574924928,Đã đặt 
n,public static boolean e(java.lang.String);,460,1247,15,574924928, vào slot auto 
n,public static boolean e(java.lang.String);,519,1262,17,574924928,Slot auto từ 1-10
n,public static boolean e(java.lang.String);,569,1279,24,574924928,Vui lòng nhập số từ 1-10
n,public static boolean e(java.lang.String);,674,1303,26,574924928,Không thể đặt giá trị <= 0
n,public static boolean e(java.lang.String);,724,1329,18,574924928,Khoảng cách nhặt: 
n,public static boolean e(java.lang.String);,779,1347,16,574924928,DistanceAutoPick
n,public static boolean e(java.lang.String);,824,1363,16,574924928,Vui lòng nhập số
n,public static boolean e(java.lang.String);,929,1303,26,574924928,Không thể đặt giá trị <= 0
n,public static boolean e(java.lang.String);,997,1379,21,574924928,Khoảng cách tàn sát: 
n,public static boolean e(java.lang.String);,1035,1400,6,574924928, tại (
n,public static boolean e(java.lang.String);,1070,672,1,574924928,","
n,public static boolean e(java.lang.String);,1105,1406,1,574924928,)
n,public static boolean e(java.lang.String);,1150,1407,11,574924928,RangeTanSat
n,public static boolean e(java.lang.String);,1195,1363,16,574924928,Vui lòng nhập số
n,public static boolean e(java.lang.String);,1268,1418,13,574924928,Delay login: 
n,public static boolean e(java.lang.String);,1302,1431,2,574924928,ms
n,public static boolean e(java.lang.String);,1348,1433,10,574924928,DelayLogin
n,public static boolean e(java.lang.String);,1393,1363,16,574924928,Vui lòng nhập số
n,public static boolean e(java.lang.String);,1466,1443,13,574924928,Tốc độ chạy: 
n,public static boolean e(java.lang.String);,1518,1456,9,574924928,SpeedChar
n,public static boolean e(java.lang.String);,1563,1363,16,574924928,Vui lòng nhập số
n,public static boolean e(java.lang.String);,1636,1465,12,574924928,Delay xmap: 
n,public static boolean e(java.lang.String);,1671,1431,2,574924928,ms
n,public static boolean e(java.lang.String);,1717,1477,9,574924928,DelayXmap
n,public static boolean e(java.lang.String);,1762,1363,16,574924928,Vui lòng nhập số
n,public static boolean e(java.lang.String);,1855,1486,13,574924928,Tốc độ game: 
n,public static boolean e(java.lang.String);,1904,1499,9,574924928,SpeedGame
n,public static boolean e(java.lang.String);,1948,1508,24,574924928,Tốc độ game từ 0 đến 100
n,public static boolean e(java.lang.String);,1998,1363,16,574924928,Vui lòng nhập số
n,public static boolean e(java.lang.String);,2093,1532,7,574924928,ColorBG
n,public static boolean e(java.lang.String);,2137,1539,26,574924928,Màu nền từ -1 đến 16777215
n,public static boolean e(java.lang.String);,2187,1363,16,574924928,Vui lòng nhập số
n,public static boolean e(java.lang.String);,2250,1565,8,574924928,PowerPet
n,public static boolean e(java.lang.String);,2287,1573,3,574924928,out
n,public static boolean e(java.lang.String);,2326,1363,16,574924928,Vui lòng nhập số
n,public static boolean e(java.lang.String);,2386,2,1,574924928, 
n,public static boolean e(java.lang.String);,2436,1576,1,574924928,-
n,public static boolean e(java.lang.String);,2533,1577,17,574924928,Đã cập nhật item 
n,public static boolean e(java.lang.String);,2567,1594,9,574924928, vào auto
n,public static boolean e(java.lang.String);,2626,1603,26,574924928,Đã cập nhật danh sách item
n,public static boolean e(java.lang.String);,2666,1629,10,574924928,ItemConfig
n,public static boolean e(java.lang.String);,2719,1639,16,574924928,Danh sách item: 
n,public static boolean e(java.lang.String);,2771,1629,10,574924928,ItemConfig
n,public static void ah();,50,2,1,574924928, 
n,public static {};,13,1655,11,574924928,Tốc độ chạy
n,public static {};,29,1666,11,574924928,Tốc độ game
n,public static {};,45,1677,18,574924928,Màu nền background
n,public static {};,61,1695,14,574924928,Sức mạnh đệ tử
n,public static {};,77,1709,10,574924928,Delay xmap
n,public static {};,93,1719,11,574924928,Delay login
n,public static {};,109,1730,14,574924928,Danh sách item
n,public static {};,125,1744,16,574924928,Khoảng cách nhặt
n,public static {};,141,1760,19,574924928,Khoảng cách tàn sát
n,public static {};,157,1779,22,574924928,Thứ tự ưu tiên (1-10):
n,"public static void a(java.lang.String, java.lang.String, int);",38,1801,4,574924928,Đóng
o,"public static int a(nro.bF, int, int);",174,37992,8,574924928,TimeUp: 
o,"public static int a(nro.bF, int, int);",240,38000,12,574924928,SM Sư phụ: +
o,"public static int a(nro.bF, int, int);",274,38012,9,574924928, (Avg/h: 
o,"public static int a(nro.bF, int, int);",309,1406,1,574924928,)
o,"public static int a(nro.bF, int, int);",382,38021,12,574924928,Vàng nhặt: +
o,"public static int a(nro.bF, int, int);",418,38012,9,574924928, (Avg/h: 
o,"public static int a(nro.bF, int, int);",455,1406,1,574924928,)
o,"public static int a(nro.bF, int, int);",609,38033,11,574924928,SM Đệ tử: +
o,"public static int a(nro.bF, int, int);",645,38012,9,574924928, (Avg/h: 
o,"public static int a(nro.bF, int, int);",682,1406,1,574924928,)
o,public static void ai();,141,2,1,574924928, 
o,public static java.lang.String a(long);,79,37193,1,574924928,h
o,public static java.lang.String a(long);,126,30835,1,574924928,m
o,public static java.lang.String a(long);,157,35212,1,574924928,s
p,public static void c(java.lang.String);,36,19306,1,574924928,:
p,public static void c(java.lang.String);,109,1576,1,574924928,-
p,public static void c(java.lang.String);,156,39205,19,574924928,Lệnh cần số thay X!
p,public static void aj();,141,2,1,574924928, 
p,public static void aj();,544,3,2,574924928,  
p,public static void aj();,904,2,1,574924928, 
p,public static void aj();,944,2,1,574924928, 
p,public static void aj();,1010,3,2,574924928,  
p,"public static java.util.Vector a(java.lang.String, int);",59,2,1,574924928, 
p,"public static java.util.Vector a(java.lang.String, int);",140,2,1,574924928, 
p,public static void d(java.lang.String);,39,30088,1,574924928,"
"
p,public static boolean f(java.lang.String);,36,39224,1,574924928,X
p,public static void b(nro.bF);,295,39225,12,574924928,Chat Command
q,public static void am();,54,2,1,574924928, 
q,public static void am();,162,3,2,574924928,  
r,"public static nro.bT a(nro.d, int, int);",35,42700,7,574924928,rawPath
r,"public static nro.bT a(nro.d, int, int);",160,42707,12,574924928,reversedPath
r,public static void an();,98,2,1,574924928, 
r,public static void an();,137,3,2,574924928,  
r,public static void an();,177,2,1,574924928, 
r,public static void an();,341,2,1,574924928, 
r,public static void an();,423,3,2,574924928,  
r,"public static nro.bT a(int, int, int, int);",1156,42719,4,574924928,path
r,public static nro.bT a(nro.bT);,59,42723,10,574924928,smoothPath
s,public static void aq();,140,2,1,574924928, 
s,public static void aq();,183,2,1,574924928, 
s,public static void aq();,224,2,1,574924928, 
s,public static void aq();,414,3,2,574924928,  
u,"public static void a(nro.bF, int, int);",114,45008,14,574924928, đang trói bạn
u,"public static void a(nro.bF, int, int);",186,45022,11,574924928, đang trói 
u,"public static void a(nro.bF, int, int);",292,45033,2,574924928, [
u,"public static void a(nro.bF, int, int);",331,35465,1,574924928,]
u,"public static void a(nro.bF, int, int);",370,45035,11,574924928, đang bom: 
u,"public static void a(nro.bF, int, int);",427,45046,9,574924928,Trong tầm
u,"public static void a(nro.bF, int, int);",458,45055,9,574924928,Ngoài tầm
u,public static java.util.Calendar a();,31,37206,5,574924928,GMT+7
u,public static java.lang.String a(nro.bv);,71,45064,2,574924928,TĐ
u,public static java.lang.String a(nro.bv);,149,45066,2,574924928,NM
u,public static java.lang.String a(nro.bv);,180,45068,2,574924928,XD
u,public static void at();,122,1951,1,574924928,$
u,public static void at();,156,1950,1,574924928,#
u,public static void at();,191,1941,9,574924928,Trọng tài
u,"public static void a(nro.bF, nro.ct);",52,45033,2,574924928, [
u,"public static void a(nro.bF, nro.ct);",90,28152,1,574924928,/
u,"public static void a(nro.bF, nro.ct);",127,35465,1,574924928,]
u,"public static void a(nro.bF, nro.ct);",234,45070,12,574924928,Bị thôi miên
u,"public static void a(nro.bF, nro.ct);",306,45082,9,574924928,Bị choáng
u,"public static void a(nro.bF, nro.ct);",378,45091,7,574924928,Bị TDHS
u,"public static void a(nro.bF, nro.ct);",450,45098,7,574924928,Bị trói
u,public static {};,20,35299,8,574924928,InfoChar
u,public static {};,38,35325,7,574924928,InfoPet
u,public static {};,56,35240,9,574924928,PaintBoss
u,public static {};,74,35265,9,574924928,PaintChar
u,public static {};,92,35369,9,574924928,CheckInfo
u,public static {};,110,35349,6,574924928,InfoUp
u,public static void au();,90,3,2,574924928,  
u,public static void au();,128,2,1,574924928, 
u,public static void au();,320,2,1,574924928, 
u,public static void au();,593,5,3,574924928,   
u,public static void au();,881,5,3,574924928,   
u,public static void au();,1021,2,1,574924928, 
u,public static void c(nro.bF);,128,1951,1,574924928,$
u,public static void c(nro.bF);,163,1950,1,574924928,#
u,public static void c(nro.bF);,199,1941,9,574924928,Trọng tài
u,public static void c(nro.bF);,244,45105,2,574924928, >
u,public static void c(nro.bF);,275,45107,2,574924928, <
u,public static void c(nro.bF);,337,45109,7,574924928,Ông già
u,public static void c(nro.bF);,373,45116,8,574924928,Tuần lộc
u,public static void c(nro.bF);,420,2266,1,574924928,.
u,public static void c(nro.bF);,456,45033,2,574924928, [
u,public static void c(nro.bF);,495,34944,3,574924928, - 
u,public static void c(nro.bF);,531,35465,1,574924928,]
u,public static void c(nro.bF);,622,2266,1,574924928,.
u,public static void c(nro.bF);,658,45033,2,574924928, [
u,public static void c(nro.bF);,697,34944,3,574924928, - 
u,public static void c(nro.bF);,733,35465,1,574924928,]
u,public static void c(nro.bF);,824,2266,1,574924928,.
u,public static void c(nro.bF);,860,45033,2,574924928, [
u,public static void c(nro.bF);,898,34944,3,574924928, - 
u,public static void c(nro.bF);,934,35465,1,574924928,]
u,"public static void a(nro.bF, nro.bv);",49,45033,2,574924928, [
u,"public static void a(nro.bF, nro.bv);",87,28152,1,574924928,/
u,"public static void a(nro.bF, nro.bv);",123,35465,1,574924928,]
u,"public static void a(nro.bF, nro.bv);",237,45124,12,574924928,Đang khiên: 
u,"public static void a(nro.bF, nro.bv);",272,45136,5,574924928, giây
u,"public static void a(nro.bF, nro.bv);",368,45141,10,574924928,Đang khỉ: 
u,"public static void a(nro.bF, nro.bv);",403,45136,5,574924928, giây
u,"public static void a(nro.bF, nro.bv);",488,45151,18,574924928,Đang có huýt sáo: 
u,"public static void a(nro.bF, nro.bv);",523,45136,5,574924928, giây
u,"public static void a(nro.bF, nro.bv);",608,45169,14,574924928,Bị thôi miên: 
u,"public static void a(nro.bF, nro.bv);",643,45136,5,574924928, giây
u,"public static void a(nro.bF, nro.bv);",728,45183,11,574924928,Bị choáng: 
u,"public static void a(nro.bF, nro.bv);",763,45136,5,574924928, giây
u,"public static void a(nro.bF, nro.bv);",848,45194,9,574924928,Bị TDHS: 
u,"public static void a(nro.bF, nro.bv);",881,45136,5,574924928, giây
u,"public static void a(nro.bF, nro.bv);",959,45098,7,574924928,Bị trói
u,public static java.lang.String b(int);,114,45203,7,574924928,Cờ xanh
u,public static java.lang.String b(int);,143,45210,5,574924928,Cờ đỏ
u,public static java.lang.String b(int);,173,45215,6,574924928,Cờ tím
u,public static java.lang.String b(int);,203,45221,7,574924928,Cờ vàng
u,public static java.lang.String b(int);,235,45228,6,574924928,Cờ lục
u,public static java.lang.String b(int);,267,45234,7,574924928,Cờ hồng
u,public static java.lang.String b(int);,299,45241,6,574924928,Cờ cam
u,public static java.lang.String b(int);,331,45247,6,574924928,Cờ đen
u,public static java.lang.String b(int);,363,45253,7,574924928,Cờ Kaio
u,public static java.lang.String b(int);,395,45260,7,574924928,Cờ Mabu
u,public static java.lang.String b(int);,427,45267,13,574924928,Cờ xanh dương
u,public static java.lang.String b(int);,469,45280,4,574924928, - (
u,public static java.lang.String b(int);,502,1406,1,574924928,)
u,public static void d(nro.bF);,48,45033,2,574924928, [
u,public static void d(nro.bF);,81,45284,9,574924928,] - Khu: 
u,public static void d(nro.bF);,167,45293,6,574924928,Time: 
u,public static void d(nro.bF);,214,19306,1,574924928,:
u,public static void d(nro.bF);,261,19306,1,574924928,:
u,public static void d(nro.bF);,505,45299,7,574924928,Tàn sát
u,public static void d(nro.bF);,569,45299,7,574924928,Tàn sát
u,public static void d(nro.bF);,667,45306,8,574924928,[Sư phụ]
u,public static void d(nro.bF);,732,45314,4,574924928,SM: 
u,public static void d(nro.bF);,827,45318,4,574924928,TN: 
u,public static void d(nro.bF);,920,36224,4,574924928,HP: 
u,public static void d(nro.bF);,960,36305,2,574924928, (
u,public static void d(nro.bF);,1008,45322,2,574924928,%)
u,public static void d(nro.bF);,1089,45324,4,574924928,KI: 
u,public static void d(nro.bF);,1129,36305,2,574924928, (
u,public static void d(nro.bF);,1177,45322,2,574924928,%)
u,public static void d(nro.bF);,1260,45328,4,574924928,SĐ: 
u,public static void d(nro.bF);,1355,45332,4,574924928,TL: 
u,public static void d(nro.bF);,1412,17955,1,574924928,%
u,public static void d(nro.bF);,1542,45336,7,574924928,[Đệ tử]
u,public static void d(nro.bF);,1596,45314,4,574924928,SM: 
u,public static void d(nro.bF);,1682,45318,4,574924928,TN: 
u,public static void d(nro.bF);,1768,36224,4,574924928,HP: 
u,public static void d(nro.bF);,1808,36305,2,574924928, (
u,public static void d(nro.bF);,1856,45322,2,574924928,%)
u,public static void d(nro.bF);,1930,45324,4,574924928,KI: 
u,public static void d(nro.bF);,1970,36305,2,574924928, (
u,public static void d(nro.bF);,2016,45322,2,574924928,%)
u,public static void d(nro.bF);,2088,45328,4,574924928,SĐ: 
u,public static void d(nro.bF);,2174,45332,4,574924928,TL: 
u,public static void d(nro.bF);,2231,17955,1,574924928,%
v,public static boolean a(nro.bv);,95,1941,9,574924928,Trọng tài
v,public static boolean a(nro.bv);,128,1950,1,574924928,#
v,public static boolean a(nro.bv);,162,1951,1,574924928,$
v,public static boolean g(java.lang.String);,35,1952,1,574924928,;
v,public static void av();,98,2,1,574924928, 
v,public static void av();,137,2,1,574924928, 
w,public static void e(nro.bF);,101,34944,3,574924928, - 
w,public static void e(nro.bF);,133,34944,3,574924928, - 
w,public static void e(nro.bF);,173,45343,6,574924928, trước
w,public static void e(nro.bF);,286,34944,3,574924928, - 
w,public static void e(nro.bF);,321,34944,3,574924928, - 
w,public static void e(nro.bF);,363,45343,6,574924928, trước
w,public static {};,16,45349,8,574924928,ListBoss
w,public static void aw();,216,45357,10,574924928,Xmap đến: 
w,public static void aw();,283,45367,22,574924928,Không tìm thấy ID Map!
w,public static void f(java.lang.String);,38,45389,4,574924928,boss
w,public static void ax();,54,2,1,574924928, 
w,public static void ax();,247,3,2,574924928,  
w,public static void ax();,287,2,1,574924928, 
w,public static void ax();,453,5,3,574924928,   
w,public static java.lang.String[] a(java.lang.String);,35,45393,9,574924928,muncul di
w,public static java.lang.String[] a(java.lang.String);,89,45402,5,574924928,boss 
w,public static java.lang.String[] a(java.lang.String);,124,45407,11,574924928, muncul di 
w,public static java.lang.String[] a(java.lang.String);,162,45418,3,574924928,tda
w,public static java.lang.String[] a(java.lang.String);,199,45421,6,574924928,appear
w,public static java.lang.String[] a(java.lang.String);,256,45402,5,574924928,boss 
w,public static java.lang.String[] a(java.lang.String);,294,45427,11,574924928, appear at 
w,public static java.lang.String[] a(java.lang.String);,332,45418,3,574924928,tda
w,public static java.lang.String[] a(java.lang.String);,391,45402,5,574924928,boss 
w,public static java.lang.String[] a(java.lang.String);,429,45438,19,574924928, vừa xuất hiện tại 
w,public static java.lang.String[] a(java.lang.String);,467,45418,3,574924928,tda
w,public static java.lang.String b(long);,74,27690,1,574924928,0
w,public static java.lang.String b(long);,118,19306,1,574924928,:
w,public static java.lang.String b(long);,169,19306,1,574924928,:
w,public static java.lang.String b(long);,220,35212,1,574924928,s
w,public static void g(java.lang.String);,38,45389,4,574924928,boss
x,public static void ay();,67,1952,1,574924928,;
x,public static void ay();,416,45948,34,574924928,Đã huỷ giữ mục tiêu do không thấy 
x,public static void ay();,453,45982,10,574924928, trong map
x,public static void az();,271,2,1,574924928, 
y,public static void b(nro.ct);,80,1953,21,574924928,Đã xóa quái ở vị trí 
y,public static void b(nro.ct);,115,1974,25,574924928, khỏi danh sách di chuyển
y,public static void b(nro.ct);,185,1999,22,574924928,Đã thêm quái ở vị trí 
y,public static void b(nro.ct);,219,2021,24,574924928, vào danh sách di chuyển
y,public static void aC();,124,2,1,574924928, 
y,public static void aC();,325,3,2,574924928,  
y,public static void aC();,365,2,1,574924928, 
y,public static {};,46,2045,4,574924928,vMob
